allele	threshold	threshold_min	threshold_max	mean_f1
IGHD1-2J4B*01	0.002	0.002	0.002	0.830685458241817
IGHD1-2J4B*02	0.002	0.002	0.002	0.830417342356143
IGHD1-C7RJ*01	0.02	0.02	0.9	0.838567895621491
IGHD1-GRMY*01	0.001	0.001	0.001	0.829514333258038
IGHD1-GRMY*02	0.001	0.001	0.002	0.829514333258038
IGHD1-QQWR*01	0.001	0.001	0.001	0.829514333258038
IGHD1-RIPD*01	0.001	0.001	0.001	0.829514333258038
IGHD1-RIPD*02	0.007	0.007	0.9	0.838567895621491
IGHD1-RIPD*03	0.001	0.001	0.003	0.829514333258038
IGHD1-RIPD*04	0.001	0.001	0.001	0.829514333258038
IGHD1-RIPD*05	0.002	0.002	0.002	0.829689283128172
IGHD10-ELDI*01	0.001	0.001	0.007	0.829514333258038
IGHD10-ELDI*02	0.005	0.005	0.01	0.830389156036112
IGHD10-JYXZ*01	0.001	0.001	0.008	0.829514333258038
IGHD11-PSVV*01	0.001	0.001	0.03	0.829514333258038
IGHD12-7HR7*01	0.002	0.002	0.002	0.832478540332153
IGHD12-7HR7*02	0.001	0.001	0.02	0.829514333258038
IGHD13-SXKU*01	0.001	0.001	0.002	0.829514333258038
IGHD14-HJME*01	0.007	0.007	0.9	0.838205720796842
IGHD2-B3VX*01	0.001	0.001	0.003	0.829514333258038
IGHD2-QKRU*01	0.001	0.001	0.003	0.829514333258038
IGHD2-QKRU*02	0.003	0.003	0.008	0.835870732345349
IGHD2-QKRU*03	0.002	0.002	0.002	0.829605060580323
IGHD2-QKRU*04	0.001	0.001	0.001	0.829514333258038
IGHD2-QKRU*05	0.002	0.002	0.9	0.829533149570444
IGHD3-72Z4*01	0.002	0.002	0.006	0.83042845889003
IGHD3-72Z4*02	0.005	0.005	0.03	0.831750176258327
IGHD3-NW5N*01	0.001	0.001	0.01	0.829514333258038
IGHD3-NW5N*02	0.004	0.004	0.9	0.833210586564441
IGHD3-NW5N*04	0.006	0.006	0.9	0.833677927424127
IGHD3-VBVC*01	0.001	0.001	0.04	0.829514333258038
IGHD4-74CP*01	0.001	0.001	0.004	0.829514333258038
IGHD4-74CP*02	0.001	0.001	0.02	0.829514333258038
IGHD4-AWN2*01	0.006	0.006	0.02	0.831750176258327
IGHD4-AWN2*02	0.006	0.006	0.008	0.830805742002484
IGHD4-KMEY*01	0.001	0.001	0.001	0.829514333258038
IGHD4-ZLQB*01	0.005	0.005	0.9	0.838567895621491
IGHD5-75EJ*01	0.001	0.001	0.001	0.829514333258038
IGHD5-75EJ*03	0.001	0.001	0.009	0.829514333258038
IGHD5-X76R*01	0.001	0.001	0.003	0.829514333258038
IGHD5-X76R*02	0.001	0.001	0.003	0.829514333258038
IGHD5-X76R*03	0.001	0.001	0.002	0.829514333258038
IGHD5-X76R*04	0.005	0.005	0.009	0.836500235101924
IGHD5-X76R*05	0.005	0.005	0.005	0.832374873087957
IGHD6-64ZP*01	0.001	0.001	0.03	0.829514333258038
IGHD6-64ZP*03	0.001	0.001	0.005	0.829514333258038
IGHD6-64ZP*04	0.005	0.005	0.005	0.835315938161776
IGHD6-DWON*01	0.007	0.007	0.007	0.831269105355469
IGHD6-DWON*02	0.001	0.001	0.005	0.829514333258038
IGHD6-LDSS*01	0.004	0.004	0.9	0.836897039162938
IGHD6-LDSS*02	0.001	0.001	0.004	0.829514333258038
IGHD6-T3KD*01	0.001	0.001	0.05	0.829514333258038
IGHD6-UTCO*01	0.002	0.002	0.9	0.830210338750658
IGHD7-BAAI*01	0.001	0.001	0.001	0.829514333258038
IGHD7-BAAI*02	0.009	0.009	0.009	0.833479463184098
IGHD7-BAAI*03	0.001	0.001	0.001	0.829514333258038
IGHD8-5Q35*11	0.004	0.004	0.01	0.835602059718618
IGHD8-5Q35*12	0.006	0.006	0.007	0.829686331882049
IGHD8-ANVS*01	0.001	0.001	0.008	0.829514333258038
IGHD9-GADR*01	0.001	0.001	0.002	0.829514333258038
IGHD10-B4TS*01	0.003	0.003	0.9	0.830852502508461
IGHD10-B4TS*04	0.008	0.008	0.009	0.83028967005607
IGHD3-NW5N*03	0.02	0.02	0.9	0.834543530834327
IGHD3-NW5N*05	0.001	0.001	0.007	0.829514333258038
IGHD5-75EJ*02	0.001	0.001	0.001	0.829514333258038
IGHJ1-PVVP*01	0.001	0.001	0.01	0.930172494495933
IGHJ1-PVVP*02	0.001	0.001	0.008	0.930172494495933
IGHJ2-DDLH*01	0.001	0.001	0.004	0.930172494495933
IGHJ2-DDLH*02	0.001	0.001	0.01	0.930172494495933
IGHJ3-XRNC*01	0.001	0.001	0.02	0.930172494495933
IGHJ4-JSJ6*01	0.001	0.001	0.4	0.930172494495933
IGHJ4-JSJ6*02	0.02	0.02	0.9	0.985007012251594
IGHJ4-MIQL*02	0.002	0.002	0.05	0.942177998451901
IGHJ4-MIQL*03	0.003	0.003	0.03	0.931465319318169
IGHJ4-XD6S*03	0.001	0.001	0.04	0.930172494495933
IGHJ6-GAIV*01	0.001	0.001	0.09	0.930172494495933
IGHJ4-MIQL*01	0.001	0.001	0.05	0.930172494495933
IGHJ4-XD6S*01	0.001	0.001	0.04	0.930172494495933
IGHJ6-GAIV*02	0.001	0.001	0.9	0.930172494495933
IGHJ4-XD6S*02	0.001	0.001	0.9	0.930172494495933
IGHV1-2BLY*10	1e-04	1e-04	1e-04	0.871522856690247
IGHV1-2HU4*04	2e-04	2e-04	0.004	0.871597061608742
IGHV1-2OLR*02	1e-04	1e-04	0.008	0.871522856690247
IGHV1-2OLR*12	0.002	0.002	0.02	0.873688827671091
IGHV1-2OLR*16	1e-04	1e-04	0.009	0.871522856690247
IGHV1-ANXI*03	1e-04	1e-04	1e-04	0.871522856690247
IGHV1-C44K*03	1e-04	1e-04	3e-04	0.871522856690247
IGHV1-E2SY*02	1e-04	1e-04	0.003	0.871522856690247
IGHV1-E2SY*03	3e-04	3e-04	0.02	0.872019816102683
IGHV1-GNLD*01	2e-04	2e-04	0.001	0.871590762640506
IGHV1-GNLD*02	1e-04	1e-04	6e-04	0.871522856690247
IGHV1-JHF7*01	8e-04	8e-04	0.01	0.871882254120705
IGHV2-3D4X*03/IGHV2-3D4X*11	1e-04	1e-04	6e-04	0.871522856690247
IGHV2-3D4X*08/IGHV2-3D4X*12	1e-04	1e-04	4e-04	0.871522856690247
IGHV2-3QDL*05	1e-04	1e-04	8e-04	0.871522856690247
IGHV2-5KIN*08	1e-04	1e-04	0.002	0.871522856690247
IGHV2-5KIN*12/IGHV2-5KIN*15	2e-04	2e-04	0.002	0.87158631249328
IGHV2-5KIN*14	5e-04	5e-04	0.009	0.871664482685422
IGHV3-22WP*07	2e-04	2e-04	0.009	0.871674594558248
IGHV3-24RK*01	1e-04	1e-04	0.001	0.871522856690247
IGHV3-2BNO*06	1e-04	1e-04	4e-04	0.871522856690247
IGHV3-2BNO*08	1e-04	1e-04	5e-04	0.871522856690247
IGHV3-2RXM*02	1e-04	1e-04	0.002	0.871522856690247
IGHV3-2RXM*13	5e-04	5e-04	0.004	0.871664482685422
IGHV3-2UXX*11	2e-04	2e-04	0.006	0.871592226270748
IGHV3-37F2*02	1e-04	1e-04	1e-04	0.871522856690247
IGHV3-3PEF*01	3e-04	3e-04	0.02	0.871679545971418
IGHV3-3PEF*09	6e-04	6e-04	0.004	0.872852250047696
IGHV3-3PEF*12	1e-04	1e-04	8e-04	0.871522856690247
IGHV3-3PEF*18	2e-04	2e-04	9e-04	0.87181718549626
IGHV3-3PEF*20	1e-04	1e-04	0.002	0.871522856690247
IGHV3-3UBQ*01	1e-04	1e-04	2e-04	0.871522856690247
IGHV3-3UBQ*06	1e-04	1e-04	8e-04	0.871522856690247
IGHV3-4KYZ*04	1e-04	1e-04	1e-04	0.871522856690247
IGHV3-4QRG*06	4e-04	4e-04	0.008	0.871654218443539
IGHV3-4RPY*01	1e-04	1e-04	0.002	0.871522856690247
IGHV3-5JBG*03	1e-04	1e-04	0.002	0.871522856690247
IGHV3-5JBG*06	0.005	0.005	0.02	0.873684311294148
IGHV3-5JBG*07	2e-04	2e-04	0.005	0.871590762640506
IGHV3-5M3E*02	1e-04	1e-04	1e-04	0.871522856690247
IGHV3-5M3E*11	1e-04	1e-04	1e-04	0.871522856690247
IGHV3-6HY2*05	1e-04	1e-04	3e-04	0.871522856690247
IGHV3-6JOO*05	1e-04	1e-04	1e-04	0.871522856690247
IGHV3-6W37*04	1e-04	1e-04	9e-04	0.871522856690247
IGHV3-6W37*07	1e-04	1e-04	2e-04	0.871522856690247
IGHV3-76QU*04	1e-04	1e-04	1e-04	0.871522856690247
IGHV3-76QU*05	2e-04	2e-04	2e-04	0.87158631249328
IGHV3-7HCW*02	2e-04	2e-04	0.008	0.871597061608742
IGHV3-I3JG*01	1e-04	1e-04	2e-04	0.871522856690247
IGHV3-MKDL*04	5e-04	5e-04	0.005	0.87158631249328
IGHV4-2BVG*10	1e-04	1e-04	0.01	0.871522856690247
IGHV4-2BVG*16	1e-04	1e-04	1e-04	0.871522856690247
IGHV4-2DK6*08/IGHV4-2DK6*12	2e-04	2e-04	0.003	0.871597061608742
IGHV4-2DK6*14/IGHV4-2DK6*17/IGHV4-2DK6*24	2e-04	2e-04	0.004	0.871666580709403
IGHV4-2GPA*03/IGHV4-2GPA*05	1e-04	1e-04	0.001	0.871522856690247
IGHV4-2JI5*04	2e-04	2e-04	0.009	0.87158631249328
IGHV4-2JI5*11	9e-04	9e-04	0.003	0.872090142158164
IGHV4-2JI5*13	0.002	0.002	0.01	0.872633205615195
IGHV4-2NIW*02/IGHV4-2NIW*09	1e-04	1e-04	0.007	0.871522856690247
IGHV4-2VJM*07/IGHV4-2VJM*12	2e-04	2e-04	0.006	0.871638661401393
IGHV4-2ZSG*03/IGHV4-2ZSG*19	1e-04	1e-04	0.002	0.871522856690247
IGHV4-2ZSG*07	4e-04	4e-04	0.01	0.871601026882389
IGHV4-2ZSG*09	0.007	0.007	0.008	0.871658841679372
IGHV4-2ZSG*17	3e-04	3e-04	0.02	0.871603394434571
IGHV4-2ZSG*27	1e-04	1e-04	0.001	0.871522856690247
IGHV4-36BV*07/IGHV4-36BV*24	9e-04	9e-04	9e-04	0.872218503948215
IGHV4-36BV*12	0.007	0.007	0.02	0.874055841086436
IGHV4-36BV*15	7e-04	7e-04	0.006	0.871749232972464
IGHV4-36BV*26	2e-04	2e-04	0.008	0.87158631249328
IGHV4-36BV*31	8e-04	8e-04	0.004	0.872040129533962
IGHV4-3H7B*01	0.006	0.006	0.02	0.874926315182078
IGHV4-3H7B*02/IGHV4-3H7B*03	3e-04	3e-04	0.001	0.871597061608742
IGHV4-3X7S*01/IGHV4-3X7S*05	2e-04	2e-04	0.01	0.87167287967764
IGHV4-4GRF*01	2e-04	2e-04	0.004	0.871639301735698
IGHV4-4VQH*03	1e-04	1e-04	0.009	0.871522856690247
IGHV4-4VQH*11/IGHV4-4VQH*12	1e-04	1e-04	7e-04	0.871522856690247
IGHV4-53JX*06	1e-04	1e-04	5e-04	0.871522856690247
IGHV4-7BJU*05	1e-04	1e-04	0.01	0.871522856690247
IGHV4-7BJU*06/IGHV4-7BJU*09	1e-04	1e-04	0.006	0.871522856690247
IGHV4-7BJU*10	0.003	0.003	0.02	0.873206612289124
IGHV4-ABR2*02	4e-04	4e-04	0.01	0.871597061608742
IGHV5-2GFF*13	1e-04	1e-04	0.004	0.871522856690247
IGHV5-4KAP*14	2e-04	2e-04	0.01	0.871666431189244
IGHV6-DRH7*02	3e-04	3e-04	7e-04	0.871887576576793
IGHV6-DRH7*03	1e-04	1e-04	5e-04	0.871522856690247
IGHV7-2ITL*01	4e-04	4e-04	6e-04	0.87158631249328
IGHV7-2ITL*06	1e-04	1e-04	5e-04	0.871522856690247
IGHV7-3Y2O*03	2e-04	2e-04	3e-04	0.871638661401393
IGHV7-3Y2O*05	1e-04	1e-04	9e-04	0.871522856690247
IGHV8-D66A*01	1e-04	1e-04	1e-04	0.871522856690247
IGHV9-2BCH*06	1e-04	1e-04	9e-04	0.871522856690247
IGHV9-2BCH*21	9e-04	9e-04	0.02	0.873837196534709
IGHV9-2IKB*04	1e-04	1e-04	4e-04	0.871522856690247
IGHV9-2IKB*09	1e-04	1e-04	1e-04	0.871522856690247
IGHV9-2SFB*12	1e-04	1e-04	0.001	0.871522856690247
IGHV9-2SFB*17	1e-04	1e-04	0.001	0.871522856690247
IGHV9-3L3I*04	1e-04	1e-04	0.004	0.871522856690247
IGHV9-46UO*01	3e-04	3e-04	0.009	0.871603394434571
IGHV9-46UO*07	1e-04	1e-04	0.002	0.871522856690247
IGHV9-4AQC*01	1e-04	1e-04	3e-04	0.871522856690247
IGHV9-4BFW*09	7e-04	7e-04	0.02	0.872560293244194
IGHV9-4BFW*10	4e-04	4e-04	0.006	0.87158631249328
IGHV9-4BFW*20	1e-04	1e-04	8e-04	0.871522856690247
IGHV9-4FTX*06	1e-04	1e-04	1e-04	0.871522856690247
IGHV9-7U4O*04	4e-04	4e-04	0.002	0.87158631249328
IGHV1-4B2U*07	2e-04	2e-04	0.01	0.871660517411776
IGHV1-5CI5*03	4e-04	4e-04	0.008	0.87158631249328
IGHV1-5CI5*07	4e-04	4e-04	0.008	0.87158631249328
IGHV1-5CI5*10	1e-04	1e-04	0.003	0.871522856690247
IGHV1-C44K*01	1e-04	1e-04	0.001	0.871522856690247
IGHV2-2YU6*02/IGHV2-2YU6*03	1e-04	1e-04	0.002	0.871522856690247
IGHV2-2YU6*05	1e-04	1e-04	1e-04	0.871522856690247
IGHV2-73MP*02	1e-04	1e-04	2e-04	0.871522856690247
IGHV3-22WP*04	2e-04	2e-04	0.005	0.871593413426998
IGHV3-24RK*03	1e-04	1e-04	2e-04	0.871522856690247
IGHV3-2BNO*11	2e-04	2e-04	0.001	0.87158631249328
IGHV3-2UXX*01	1e-04	1e-04	8e-04	0.871522856690247
IGHV3-2UXX*09	4e-04	4e-04	0.007	0.871736335480673
IGHV3-3NC3*04	1e-04	1e-04	1e-04	0.871522856690247
IGHV3-3PEF*03	1e-04	1e-04	0.001	0.871522856690247
IGHV3-3PEF*11	1e-04	1e-04	0.001	0.871522856690247
IGHV3-4KYZ*03	1e-04	1e-04	0.003	0.871522856690247
IGHV3-4KYZ*08	1e-04	1e-04	3e-04	0.871522856690247
IGHV3-7MC3*02	1e-04	1e-04	3e-04	0.871522856690247
IGHV3-CLND*05	1e-04	1e-04	1e-04	0.871522856690247
IGHV3-CPDB*02	2e-04	2e-04	7e-04	0.871600389639752
IGHV3-D3PW*07	1e-04	1e-04	1e-04	0.871522856690247
IGHV3-DWUN*02	1e-04	1e-04	0.001	0.871522856690247
IGHV3-MKDL*07	5e-04	5e-04	0.02	0.872606354357358
IGHV4-2NIW*14	2e-04	2e-04	0.01	0.871597061608742
IGHV4-2VJM*08	2e-04	2e-04	0.01	0.871671125004605
IGHV4-2W2B*07	2e-04	2e-04	0.007	0.87158631249328
IGHV4-2WWR*04	1e-04	1e-04	2e-04	0.871522856690247
IGHV4-2WWR*06	1e-04	1e-04	0.005	0.871522856690247
IGHV4-2WWR*07	2e-04	2e-04	0.001	0.871600389639752
IGHV4-36BV*19	2e-04	2e-04	0.008	0.871599008227095
IGHV4-4GRF*06	1e-04	1e-04	0.001	0.871522856690247
IGHV4-HDK3*03	1e-04	1e-04	0.001	0.871522856690247
IGHV4-JJNU*03	2e-04	2e-04	0.005	0.87158631249328
IGHV4-N2SB*01	1e-04	1e-04	0.01	0.871522856690247
IGHV5-2GFF*08	2e-04	2e-04	0.007	0.871598674759144
IGHV5-2GFF*14	1e-04	1e-04	0.01	0.871522856690247
IGHV5-4KAP*06	1e-04	1e-04	0.01	0.871522856690247
IGHV5-4KAP*10	4e-04	4e-04	0.009	0.871856105465466
IGHV7-2ITL*03	4e-04	4e-04	0.02	0.8721236614506
IGHV7-3Y2O*01	1e-04	1e-04	1e-04	0.871522856690247
IGHV9-2SFB*11	1e-04	1e-04	6e-04	0.871522856690247
IGHV9-46UO*02	4e-04	4e-04	0.007	0.871589097405457
IGHV9-46UO*06	1e-04	1e-04	0.008	0.871522856690247
IGHV9-4AQC*03	1e-04	1e-04	1e-04	0.871522856690247
IGHV9-4FTX*10	1e-04	1e-04	1e-04	0.871522856690247
IGHV9-4SV6*07	1e-04	1e-04	0.001	0.871522856690247
IGHV9-4SV6*08	2e-04	2e-04	0.004	0.87158631249328
IGHV9-EKCD*05	1e-04	1e-04	3e-04	0.871522856690247
IGHV3-2BNO*03	1e-04	1e-04	4e-04	0.871522856690247
IGHV3-37F2*03	1e-04	1e-04	1e-04	0.871522856690247
IGHV3-3NC3*02	1e-04	1e-04	1e-04	0.871522856690247
IGHV3-4KYZ*09	1e-04	1e-04	0.001	0.871522856690247
IGHV3-5M3E*01	1e-04	1e-04	0.003	0.871522856690247
IGHV3-7HCW*04	5e-04	5e-04	0.02	0.872192927843924
IGHV3-7MC3*03	1e-04	1e-04	1e-04	0.871522856690247
IGHV4-2NIW*05	2e-04	2e-04	0.02	0.871597061608742
IGHV4-2VJM*10	2e-04	2e-04	0.01	0.871639301735698
IGHV4-2ZSG*02/IGHV4-2ZSG*10	1e-04	1e-04	0.004	0.871522856690247
IGHV4-36BV*22	1e-04	1e-04	0.001	0.871522856690247
IGHV4-4GRF*05	1e-04	1e-04	0.01	0.871522856690247
IGHV4-HDK3*07	1e-04	1e-04	3e-04	0.871522856690247
IGHV5-4KAP*15	2e-04	2e-04	0.01	0.871598674759144
IGHV7-3Y2O*06	1e-04	1e-04	1e-04	0.871522856690247
IGHV9-2BCH*17	1e-04	1e-04	0.001	0.871522856690247
IGHV9-2IKB*03	1e-04	1e-04	3e-04	0.871522856690247
IGHV9-2SFB*14	1e-04	1e-04	8e-04	0.871522856690247
IGHV1-2OLR*05	1e-04	1e-04	0.02	0.871522856690247
IGHV1-2OLR*15	3e-04	3e-04	0.006	0.871585489481213
IGHV1-4B2U*03	1e-04	1e-04	0.01	0.871522856690247
IGHV1-5CI5*09	2e-04	2e-04	0.008	0.871639301735698
IGHV1-5CI5*12	1e-04	1e-04	0.01	0.871522856690247
IGHV1-E2SY*01	1e-04	1e-04	0.006	0.871522856690247
IGHV2-3D4X*06/IGHV2-3D4X*13	1e-04	1e-04	2e-04	0.871522856690247
IGHV2-3QDL*07	2e-04	2e-04	0.005	0.871767483676008
IGHV2-5KIN*02	1e-04	1e-04	0.001	0.871522856690247
IGHV2-5KIN*09	1e-04	1e-04	0.005	0.871522856690247
IGHV2-5KIN*11	1e-04	1e-04	0.004	0.871522856690247
IGHV3-2RXM*15	1e-04	1e-04	0.004	0.871522856690247
IGHV3-2VS2*02	1e-04	1e-04	0.005	0.871522856690247
IGHV3-2VS2*07	1e-04	1e-04	0.01	0.871522856690247
IGHV3-35O3*01	1e-04	1e-04	1e-04	0.871522856690247
IGHV3-37F2*01	1e-04	1e-04	4e-04	0.871522856690247
IGHV3-3PEF*05	1e-04	1e-04	0.002	0.871522856690247
IGHV3-3PEF*27	4e-04	4e-04	0.02	0.871737345339464
IGHV3-3PEF*30	1e-04	1e-04	0.004	0.871522856690247
IGHV3-4D57*05/IGHV3-4D57*06	1e-04	1e-04	0.001	0.871522856690247
IGHV3-4KYZ*07	1e-04	1e-04	8e-04	0.871522856690247
IGHV3-4KYZ*14	1e-04	1e-04	0.003	0.871522856690247
IGHV3-5M3E*13	1e-04	1e-04	0.008	0.871522856690247
IGHV3-5M3E*16	1e-04	1e-04	0.003	0.871522856690247
IGHV3-6W37*01	1e-04	1e-04	1e-04	0.871522856690247
IGHV3-6W37*03	1e-04	1e-04	0.001	0.871522856690247
IGHV3-6W37*05	1e-04	1e-04	2e-04	0.871522856690247
IGHV3-76QU*02	1e-04	1e-04	1e-04	0.871522856690247
IGHV3-7FPK*01	1e-04	1e-04	1e-04	0.871522856690247
IGHV3-CLND*03	5e-04	5e-04	0.001	0.872101867385443
IGHV3-D3PW*03	1e-04	1e-04	1e-04	0.871522856690247
IGHV3-M5YN*02	1e-04	1e-04	0.01	0.871522856690247
IGHV3-MKDL*06	8e-04	8e-04	0.004	0.871727115476388
IGHV4-2BVG*05	1e-04	1e-04	0.002	0.871522856690247
IGHV4-2BVG*13	2e-04	2e-04	7e-04	0.87158631249328
IGHV4-2BVG*17	1e-04	1e-04	0.006	0.871522856690247
IGHV4-2DK6*05	0.002	0.002	0.02	0.871664482685422
IGHV4-2GPA*04	3e-04	3e-04	6e-04	0.87171376997083
IGHV4-2GPA*07	4e-04	4e-04	0.002	0.871601026882389
IGHV4-2JI5*02	2e-04	2e-04	0.003	0.87158631249328
IGHV4-2JI5*15	1e-04	1e-04	0.005	0.871522856690247
IGHV4-2JI5*19	1e-04	1e-04	0.006	0.871522856690247
IGHV4-2JI5*22	1e-04	1e-04	0.01	0.871522856690247
IGHV4-2JI5*23	4e-04	4e-04	0.004	0.871601026882389
IGHV4-2VJM*03	2e-04	2e-04	0.01	0.87158631249328
IGHV4-2VJM*04	1e-04	1e-04	0.007	0.871522856690247
IGHV4-2W2B*13	4e-04	4e-04	0.01	0.871601026882389
IGHV4-2ZA7*03	1e-04	1e-04	0.01	0.871522856690247
IGHV4-2ZSG*14/IGHV4-2ZSG*16	2e-04	2e-04	0.01	0.871590762640506
IGHV4-3H7B*05	1e-04	1e-04	0.005	0.871522856690247
IGHV4-3X7S*04	1e-04	1e-04	0.005	0.871522856690247
IGHV4-3X7S*10	1e-04	1e-04	2e-04	0.871522856690247
IGHV4-3XRG*02	1e-04	1e-04	0.004	0.871522856690247
IGHV4-4GRF*07	1e-04	1e-04	0.007	0.871522856690247
IGHV4-4GRF*09	2e-04	2e-04	0.002	0.871590762640506
IGHV4-4ZJ3*03	1e-04	1e-04	0.001	0.871522856690247
IGHV4-4ZJ3*05	1e-04	1e-04	7e-04	0.871522856690247
IGHV4-53JX*13	1e-04	1e-04	5e-04	0.871522856690247
IGHV4-62EI*03	1e-04	1e-04	0.009	0.871522856690247
IGHV4-6CBH*06	2e-04	2e-04	0.01	0.871583023610474
IGHV4-6CBH*09	1e-04	1e-04	0.01	0.871522856690247
IGHV4-7BJU*02	1e-04	1e-04	0.01	0.871522856690247
IGHV4-AM7J*02	1e-04	1e-04	0.008	0.871522856690247
IGHV4-DVI5*01	1e-04	1e-04	0.002	0.871522856690247
IGHV4-JJNU*01	1e-04	1e-04	0.01	0.871522856690247
IGHV5-2GFF*01	1e-04	1e-04	0.009	0.871522856690247
IGHV5-2GFF*03	2e-04	2e-04	0.001	0.87158631249328
IGHV5-4KAP*05	4e-04	4e-04	0.009	0.871662130562178
IGHV5-4KAP*13	4e-04	4e-04	0.01	0.871684019225443
IGHV7-2ITL*05	1e-04	1e-04	0.003	0.871522856690247
IGHV7-2ITL*16	1e-04	1e-04	3e-04	0.871522856690247
IGHV9-2SFB*16	1e-04	1e-04	0.001	0.871522856690247
IGHV9-2SFB*18	4e-04	4e-04	0.02	0.871651506886137
IGHV9-3L3I*01	2e-04	2e-04	0.001	0.87158631249328
IGHV9-4BFW*08	1e-04	1e-04	0.007	0.871522856690247
IGHV9-4BFW*12	1e-04	1e-04	0.001	0.871522856690247
IGHV9-4FTX*03	1e-04	1e-04	0.001	0.871522856690247
IGHV9-4FTX*07	1e-04	1e-04	2e-04	0.871522856690247
IGHV9-EKCD*04	1e-04	1e-04	1e-04	0.871522856690247
IGHV1-2BLY*08	1e-04	1e-04	0.003	0.871522856690247
IGHV1-2HU4*01	1e-04	1e-04	0.008	0.871522856690247
IGHV1-ANXI*02	1e-04	1e-04	2e-04	0.871522856690247
IGHV1-E2SY*05	1e-04	1e-04	0.005	0.871522856690247
IGHV2-3QDL*02	1e-04	1e-04	1e-04	0.871522856690247
IGHV2-5KIN*18	2e-04	2e-04	0.006	0.87158631249328
IGHV2-X7EJ*01	1e-04	1e-04	7e-04	0.871522856690247
IGHV3-22WP*10	1e-04	1e-04	0.005	0.871522856690247
IGHV3-24RK*07	5e-04	5e-04	0.02	0.872252431640421
IGHV3-2RXM*07	2e-04	2e-04	0.008	0.871666580709403
IGHV3-2VS2*06	0.003	0.003	0.02	0.872202275671473
IGHV3-2VS2*08	2e-04	2e-04	0.003	0.871728423362035
IGHV3-3NC3*03	1e-04	1e-04	1e-04	0.871522856690247
IGHV3-5HEL*08	2e-04	2e-04	0.01	0.87158631249328
IGHV3-CLND*01	1e-04	1e-04	2e-04	0.871522856690247
IGHV4-2QEK*04	1e-04	1e-04	2e-04	0.871522856690247
IGHV4-2ZSG*20	1e-04	1e-04	0.006	0.871522856690247
IGHV4-2ZSG*23	4e-04	4e-04	0.02	0.871668932832648
IGHV4-36BV*14	2e-04	2e-04	0.007	0.871602338901291
IGHV4-37DG*01/IGHV4-37DG*09	2e-04	2e-04	0.002	0.871590762640506
IGHV4-3H7B*06	1e-04	1e-04	1e-04	0.871522856690247
IGHV4-3H7B*09	2e-04	2e-04	0.01	0.871590762640506
IGHV4-4GRF*08	1e-04	1e-04	0.01	0.871522856690247
IGHV4-4VQH*01	2e-04	2e-04	5e-04	0.871600389639752
IGHV4-62EI*01	1e-04	1e-04	0.02	0.871522856690247
IGHV4-6CBH*02	2e-04	2e-04	0.02	0.871600389639752
IGHV4-6CBH*13	2e-04	2e-04	0.008	0.871590762640506
IGHV4-BJNS*03	1e-04	1e-04	2e-04	0.871522856690247
IGHV4-HDK3*04	2e-04	2e-04	0.001	0.87158631249328
IGHV4-PY3X*02	1e-04	1e-04	0.006	0.871522856690247
IGHV5-4KAP*07	2e-04	2e-04	0.02	0.871600389639752
IGHV9-2IKB*07	6e-04	6e-04	0.007	0.871590762640506
IGHV9-4AQC*05	1e-04	1e-04	1e-04	0.871522856690247
IGHV3-2BNO*07	1e-04	1e-04	0.002	0.871522856690247
IGHV3-4QRG*04	3e-04	3e-04	0.007	0.871745503255129
IGHV3-7MC3*01	1e-04	1e-04	1e-04	0.871522856690247
IGHV3-D3PW*04	1e-04	1e-04	1e-04	0.871522856690247
IGHV4-2JI5*20	3e-04	3e-04	0.02	0.871653395431471
IGHV4-2ZSG*04	2e-04	2e-04	0.01	0.871658777660588
IGHV4-62EI*04	4e-04	4e-04	0.02	0.871590762640506
IGHV4-ARW2*09	2e-04	2e-04	0.009	0.871590762640506
IGHV9-2BCH*19	1e-04	1e-04	0.005	0.871522856690247
IGHV9-46UO*11	2e-04	2e-04	0.004	0.871590762640506
IGHV9-4FTX*12	1e-04	1e-04	1e-04	0.871522856690247
IGHV3-6JOO*03	1e-04	1e-04	1e-04	0.871522856690247
IGHV4-HDK3*01	2e-04	2e-04	0.002	0.871639301735698
IGHV9-4BFW*15	2e-04	2e-04	0.02	0.871639301735698
IGHV9-7U4O*07	2e-04	2e-04	0.02	0.871916905544724
IGHV1-ANXI*01	1e-04	1e-04	1e-04	0.871522856690247
IGHV2-3QDL*08	4e-04	4e-04	0.005	0.87158631249328
IGHV3-22WP*09	1e-04	1e-04	0.01	0.871522856690247
IGHV3-35O3*03	4e-04	4e-04	0.006	0.871676844951287
IGHV3-4D57*01	1e-04	1e-04	0.003	0.871522856690247
IGHV3-5M3E*14	1e-04	1e-04	0.003	0.871522856690247
IGHV3-7MC3*07	1e-04	1e-04	4e-04	0.871522856690247
IGHV3-D3PW*05	1e-04	1e-04	3e-04	0.871522856690247
IGHV4-2DK6*13	7e-04	7e-04	0.02	0.87224321110511
IGHV4-2NIW*01/IGHV4-2NIW*13	4e-04	4e-04	0.01	0.871601026882389
IGHV4-2QEK*01	1e-04	1e-04	0.001	0.871522856690247
IGHV4-2ZSG*06	8e-04	8e-04	0.01	0.871596394940744
IGHV4-2ZSG*21	0.002	0.002	0.02	0.871601026882389
IGHV4-36BV*01	1e-04	1e-04	0.008	0.871522856690247
IGHV4-37DG*02	1e-04	1e-04	0.006	0.871522856690247
IGHV4-6CBH*10	1e-04	1e-04	0.01	0.871522856690247
IGHV4-ARW2*04	1e-04	1e-04	0.01	0.871522856690247
IGHV4-BJNS*04	2e-04	2e-04	3e-04	0.871596394940744
IGHV4-DVI5*02	1e-04	1e-04	0.004	0.871522856690247
IGHV4-PY3X*01	1e-04	1e-04	2e-04	0.871522856690247
IGHV7-2ITL*12	4e-04	4e-04	0.02	0.871601026882389
IGHV9-2BCH*12	2e-04	2e-04	0.003	0.87158631249328
IGHV9-2IKB*08	4e-04	4e-04	4e-04	0.871601026882389
IGHV9-2SFB*05	1e-04	1e-04	0.002	0.871522856690247
IGHV9-46UO*12	1e-04	1e-04	0.003	0.871522856690247
IGHV9-4FTX*18	1e-04	1e-04	3e-04	0.871522856690247
IGHV9-7U4O*06	1e-04	1e-04	1e-04	0.871522856690247
IGHV1-4B2U*05/IGHV1-4B2U*06	1e-04	1e-04	0.001	0.871522856690247
IGHV3-35O3*04	1e-04	1e-04	1e-04	0.871522856690247
IGHV3-3PEF*26	3e-04	3e-04	0.02	0.871690321833315
IGHV3-5M3E*05	3e-04	3e-04	0.009	0.871585489481213
IGHV3-5M3E*09	1e-04	1e-04	0.001	0.871522856690247
IGHV3-5M3E*18	1e-04	1e-04	1e-04	0.871522856690247
IGHV4-2BVG*08	1e-04	1e-04	0.01	0.871522856690247
IGHV4-2DK6*10	1e-04	1e-04	0.002	0.871522856690247
IGHV4-2GPA*06	3e-04	3e-04	0.007	0.871585489481213
IGHV4-2W2B*05	1e-04	1e-04	0.01	0.871522856690247
IGHV4-2ZA7*06	3e-04	3e-04	0.007	0.871656337492548
IGHV4-36BV*27	1e-04	1e-04	0.007	0.871522856690247
IGHV4-3H7B*14	1e-04	1e-04	0.02	0.871522856690247
IGHV4-4ZJ3*10	1e-04	1e-04	0.001	0.871522856690247
IGHV4-53JX*05/IGHV4-53JX*07	1e-04	1e-04	2e-04	0.871522856690247
IGHV4-CH2N*03	2e-04	2e-04	0.003	0.871612930645153
IGHV1-E2SY*04	2e-04	2e-04	0.003	0.871621334333798
IGHV2-3D4X*10	1e-04	1e-04	0.004	0.871522856690247
IGHV2-3QDL*01	2e-04	2e-04	0.005	0.87158631249328
IGHV2-73MP*01	1e-04	1e-04	5e-04	0.871522856690247
IGHV3-3NC3*05	1e-04	1e-04	7e-04	0.871522856690247
IGHV3-3PEF*22	1e-04	1e-04	0.003	0.871522856690247
IGHV3-4D57*03/IGHV3-4D57*04	3e-04	3e-04	0.004	0.871591055727276
IGHV3-CPDB*01	1e-04	1e-04	7e-04	0.871522856690247
IGHV4-2DK6*22	2e-04	2e-04	0.01	0.87158631249328
IGHV4-2GPA*01/IGHV4-2GPA*02	1e-04	1e-04	0.003	0.871522856690247
IGHV4-36BV*05	3e-04	3e-04	0.01	0.871658991388479
IGHV4-3H7B*10/IGHV4-3H7B*11	1e-04	1e-04	0.003	0.871522856690247
IGHV4-4ZJ3*02/IGHV4-4ZJ3*11	1e-04	1e-04	0.006	0.871522856690247
IGHV4-53JX*08/IGHV4-53JX*11	1e-04	1e-04	0.004	0.871522856690247
IGHV4-BN2L*03	1e-04	1e-04	0.01	0.871522856690247
IGHV6-DRH7*04	1e-04	1e-04	0.005	0.871522856690247
IGHV9-2BCH*08	1e-04	1e-04	0.01	0.871522856690247
IGHV9-46UO*13	1e-04	1e-04	0.008	0.871522856690247
IGHV1-5CI5*06	3e-04	3e-04	0.02	0.871894953287357
IGHV1-JHF7*02	1e-04	1e-04	0.001	0.871522856690247
IGHV3-2RXM*05	1e-04	1e-04	0.003	0.871522856690247
IGHV3-2UXX*08	3e-04	3e-04	0.02	0.871826525368564
IGHV3-2VS2*04	2e-04	2e-04	0.02	0.87158631249328
IGHV3-3NC3*06	1e-04	1e-04	1e-04	0.871522856690247
IGHV3-3PEF*02	1e-04	1e-04	0.005	0.871522856690247
IGHV3-3UBQ*04	1e-04	1e-04	0.001	0.871522856690247
IGHV3-5HEL*04	1e-04	1e-04	0.01	0.871522856690247
IGHV5-2GFF*12	1e-04	1e-04	0.02	0.871522856690247
IGHV5-4KAP*01	1e-04	1e-04	0.02	0.871522856690247
IGHV9-2IKB*02	2e-04	2e-04	0.02	0.87165945964406
IGHV9-2SFB*06	1e-04	1e-04	8e-04	0.871522856690247
IGHV9-4AQC*04	1e-04	1e-04	0.02	0.871522856690247
IGHV9-4BFW*13	3e-04	3e-04	0.002	0.871682381732743
IGHV9-7U4O*01	1e-04	1e-04	1e-04	0.871522856690247
IGHV1-2OLR*13	1e-04	1e-04	0.01	0.871522856690247
IGHV2-5KIN*04	1e-04	1e-04	0.002	0.871522856690247
IGHV2-73MP*04	1e-04	1e-04	0.002	0.871522856690247
IGHV3-2UXX*03	1e-04	1e-04	0.02	0.871522856690247
IGHV3-3PEF*32	1e-04	1e-04	0.002	0.871522856690247
IGHV3-5M3E*06	1e-04	1e-04	0.005	0.871522856690247
IGHV3-5M3E*10	1e-04	1e-04	0.001	0.871522856690247
IGHV3-6HY2*01	1e-04	1e-04	0.002	0.871522856690247
IGHV3-76QU*01	1e-04	1e-04	5e-04	0.871522856690247
IGHV3-76QU*03	1e-04	1e-04	0.002	0.871522856690247
IGHV3-BB34*04	1e-04	1e-04	0.002	0.871522856690247
IGHV4-2VJM*02	1e-04	1e-04	0.01	0.871522856690247
IGHV4-36BV*21	1e-04	1e-04	0.02	0.871522856690247
IGHV4-4GRF*12	1e-04	1e-04	0.001	0.871522856690247
IGHV4-4MLZ*01	1e-04	1e-04	0.006	0.871522856690247
IGHV4-4ZJ3*09	1e-04	1e-04	0.002	0.871522856690247
IGHV4-53JX*03	1e-04	1e-04	0.004	0.871522856690247
IGHV4-6CBH*12	1e-04	1e-04	1e-04	0.871522856690247
IGHV4-7BJU*03	1e-04	1e-04	0.005	0.871522856690247
IGHV4-ARW2*06	2e-04	2e-04	0.01	0.87158631249328
IGHV4-BN2L*01	1e-04	1e-04	0.01	0.871522856690247
IGHV4-KG56*02	1e-04	1e-04	0.01	0.871522856690247
IGHV9-46UO*05	1e-04	1e-04	0.01	0.871522856690247
IGHV9-4BFW*06	1e-04	1e-04	0.008	0.871522856690247
IGHV9-4FTX*05	1e-04	1e-04	0.001	0.871522856690247
IGHV9-4SV6*09	2e-04	2e-04	0.02	0.87159133996591
IGHV9-7U4O*10	1e-04	1e-04	0.001	0.871522856690247
IGHV4-62EI*08	1e-04	1e-04	0.02	0.871522856690247
IGHV1-5CI5*04	2e-04	2e-04	0.003	0.87158631249328
IGHV2-5KIN*01/IGHV2-5KIN*06	2e-04	2e-04	0.005	0.87158631249328
IGHV2-5KIN*10	1e-04	1e-04	0.002	0.871522856690247
IGHV3-2UXX*05	1e-04	1e-04	0.005	0.871522856690247
IGHV3-3PEF*16	1e-04	1e-04	2e-04	0.871522856690247
IGHV3-3UBQ*07	1e-04	1e-04	8e-04	0.871522856690247
IGHV3-4KYZ*01	1e-04	1e-04	0.001	0.871522856690247
IGHV3-6HY2*04	1e-04	1e-04	2e-04	0.871522856690247
IGHV3-BB34*06	5e-04	5e-04	0.009	0.87158631249328
IGHV4-2BVG*03	1e-04	1e-04	0.01	0.871522856690247
IGHV4-2JI5*31	2e-04	2e-04	0.01	0.87158631249328
IGHV4-2VJM*11	2e-04	2e-04	0.007	0.87158631249328
IGHV4-2ZA7*04	1e-04	1e-04	0.009	0.871522856690247
IGHV4-36BV*23	2e-04	2e-04	0.005	0.87158631249328
IGHV4-3XRG*03	1e-04	1e-04	0.004	0.871522856690247
IGHV4-4ZJ3*12	1e-04	1e-04	0.004	0.871522856690247
IGHV4-53JX*10	1e-04	1e-04	0.005	0.871522856690247
IGHV4-5TXH*03	1e-04	1e-04	0.009	0.871522856690247
IGHV5-2GFF*10	1e-04	1e-04	0.002	0.871522856690247
IGHV9-2BCH*20	1e-04	1e-04	0.004	0.871522856690247
IGHV9-4FTX*14	1e-04	1e-04	4e-04	0.871522856690247
IGHV1-I24O*01	1e-04	1e-04	0.02	0.871522856690247
IGHV4-2ZSG*26	1e-04	1e-04	0.01	0.871522856690247
IGHV4-3H7B*13	1e-04	1e-04	0.02	0.871522856690247
IGHV9-3L3I*03	1e-04	1e-04	0.006	0.871522856690247
IGHV3-3NC3*01	1e-04	1e-04	2e-04	0.871522856690247
IGHV3-5JBG*02	3e-04	3e-04	0.02	0.871593704701582
IGHV3-5JBG*08	3e-04	3e-04	0.02	0.871692182345134
IGHV4-2DK6*16	1e-04	1e-04	0.01	0.871522856690247
IGHV4-2JI5*05	1e-04	1e-04	0.01	0.871522856690247
IGHV4-V7V4*01	1e-04	1e-04	2e-04	0.871522856690247
IGHV3-4KYZ*13	3e-04	3e-04	0.02	0.871597965259684
IGHV4-4VQH*10	1e-04	1e-04	0.003	0.871522856690247
IGHV3-3PEF*31	1e-04	1e-04	0.001	0.871522856690247
IGHV3-4KYZ*05	1e-04	1e-04	0.02	0.871522856690247
IGHV3-6HY2*03	1e-04	1e-04	0.002	0.871522856690247
IGHV3-6JOO*01	1e-04	1e-04	2e-04	0.871522856690247
IGHV3-CLND*02	1e-04	1e-04	0.02	0.871522856690247
IGHV3-D3PW*08	1e-04	1e-04	1e-04	0.871522856690247
IGHV4-2BVG*07	1e-04	1e-04	0.02	0.871522856690247
IGHV4-2NIW*12	1e-04	1e-04	0.02	0.871522856690247
IGHV4-2W2B*08	1e-04	1e-04	0.01	0.871522856690247
IGHV4-2W2B*12	1e-04	1e-04	0.02	0.871522856690247
IGHV4-2ZSG*11	2e-04	2e-04	0.02	0.87158631249328
IGHV4-4ZJ3*07	1e-04	1e-04	0.003	0.871522856690247
IGHV4-4ZJ3*08	1e-04	1e-04	0.005	0.871522856690247
IGHV4-53JX*15	1e-04	1e-04	0.004	0.871522856690247
IGHV4-6CBH*07	1e-04	1e-04	0.01	0.871522856690247
IGHV4-7PM2*02	1e-04	1e-04	0.01	0.871522856690247
IGHV4-BJNS*02	1e-04	1e-04	2e-04	0.871522856690247
IGHV5-2GFF*07	1e-04	1e-04	0.004	0.871522856690247
IGHV5-4KAP*11	2e-04	2e-04	0.02	0.871592646015201
IGHV9-2BCH*18	2e-04	2e-04	0.001	0.871612930645153
IGHV9-2SFB*15	1e-04	1e-04	0.001	0.871522856690247
IGHV9-4AQC*06	1e-04	1e-04	6e-04	0.871522856690247
IGHV9-4FTX*09	1e-04	1e-04	3e-04	0.871522856690247
IGHV1-5CI5*08	2e-04	2e-04	0.02	0.871612930645153
IGHV4-2JI5*14	1e-04	1e-04	0.02	0.871522856690247
IGHV4-2WWR*01	1e-04	1e-04	0.007	0.871522856690247
IGHV4-CH2N*01	2e-04	2e-04	0.003	0.871662075330763
IGHV1-2OLR*01	3e-04	3e-04	0.02	0.871600389639752
IGHV2-5KIN*03	1e-04	1e-04	0.006	0.871522856690247
IGHV3-2BNO*13	1e-04	1e-04	0.003	0.871522856690247
IGHV3-2RXM*12	1e-04	1e-04	0.004	0.871522856690247
IGHV4-2ZA7*02	1e-04	1e-04	0.008	0.871522856690247
IGHV4-37DG*05	1e-04	1e-04	0.001	0.871522856690247
IGHV5-4KAP*04	3e-04	3e-04	0.02	0.871600389639752
IGHV9-4FTX*11	1e-04	1e-04	0.001	0.871522856690247
IGHV1-ANXI*04	1e-04	1e-04	1e-04	0.871522856690247
IGHV3-2UXX*12	2e-04	2e-04	0.02	0.871595198543274
IGHV3-D3PW*02	1e-04	1e-04	1e-04	0.871522856690247
IGHV4-3XRG*05	1e-04	1e-04	0.004	0.871522856690247
IGHV4-2W2B*03	1e-04	1e-04	0.01	0.871522856690247
IGHV4-4VQH*05	2e-04	2e-04	0.02	0.871638661401393
IGHV2-3QDL*06/IGHV2-3QDL*10	2e-04	2e-04	0.02	0.871671592544206
IGHV3-2VS2*03	1e-04	1e-04	0.02	0.871522856690247
IGHV4-2JI5*08	1e-04	1e-04	0.02	0.871522856690247
IGHV3-2RXM*03	2e-04	2e-04	0.004	0.87158631249328
IGHV3-2RXM*01	2e-04	2e-04	0.02	0.871661292983187
IGHV1-2BLY*04	1e-04	1e-04	1e-04	0.871522856690247
IGHV12-7776*01	1e-04	1e-04	0.02	0.871522856690247
IGHV2-73MP*03	1e-04	1e-04	0.001	0.871522856690247
IGHV3-4KYZ*12	1e-04	1e-04	0.02	0.871522856690247
IGHV3-7HCW*03	1e-04	1e-04	0.02	0.871522856690247
IGHV9-4FTX*15	1e-04	1e-04	1e-04	0.871522856690247
IGHV8-D66A*02	1e-04	1e-04	2e-04	0.871522856690247
IGHV9-46UO*03	3e-04	3e-04	0.02	0.871583904089192
IGHV3-24RK*05	2e-04	2e-04	0.02	0.87159133996591
IGHV3-6JOO*02	1e-04	1e-04	0.02	0.871522856690247
IGHV4-2WWR*03	1e-04	1e-04	0.005	0.871522856690247
IGHV1-4B2U*02	1e-04	1e-04	0.02	0.871522856690247
IGHV4-3XRG*06	1e-04	1e-04	0.01	0.871522856690247
IGHV9-3L3I*06	2e-04	2e-04	0.02	0.871596394940744
IGHV4-2JI5*29	1e-04	1e-04	0.02	0.871522856690247
IGHV4-4VQH*09	1e-04	1e-04	0.02	0.871522856690247
IGHV4-7BJU*11	1e-04	1e-04	0.01	0.871522856690247
IGHV1-2OLR*04	1e-04	1e-04	0.01	0.871522856690247
IGHV3-WOIZ*01	1e-04	1e-04	0.002	0.871522856690247
IGHV4-2W2B*06	1e-04	1e-04	0.02	0.871522856690247
IGHV4-36BV*28	1e-04	1e-04	0.003	0.871522856690247
IGHV4-3H7B*07	1e-04	1e-04	0.01	0.871522856690247
IGHV9-4BFW*02	1e-04	1e-04	0.004	0.871522856690247
IGHV4-2W2B*10	1e-04	1e-04	0.02	0.871522856690247
IGHV4-R3YH*01	1e-04	1e-04	0.02	0.871522856690247
IGHV9-2SFB*04	1e-04	1e-04	0.02	0.871522856690247
IGHV3-MKDL*08	2e-04	2e-04	0.02	0.871593277963105
IGHV4-2GPA*08	0.005	0.005	0.02	0.8715935920551
IGHV4-2JI5*26	1e-04	1e-04	0.01	0.871522856690247
IGHV4-4VQH*02	1e-04	1e-04	0.01	0.871522856690247
IGHV9-3L3I*05	1e-04	1e-04	0.01	0.871522856690247
IGHV9-3L3I*08	1e-04	1e-04	0.02	0.871522856690247
IGHV9-4BFW*14	1e-04	1e-04	0.01	0.871522856690247
IGHV4-2NIW*11	1e-04	1e-04	0.02	0.871522856690247
IGHV4-4VQH*08	2e-04	2e-04	0.02	0.871588440385131
IGHV3-5JBG*01	1e-04	1e-04	0.02	0.871522856690247
IGHV4-2QEK*03	0.008	0.008	0.02	0.871596394940744
IGHV4-6CBH*05	5e-04	5e-04	0.02	0.871596394940744
IGHV4-6CBH*08	1e-04	1e-04	0.01	0.871522856690247
IGHV4-2JI5*06	1e-04	1e-04	0.02	0.871522856690247
IGHV4-36BV*10	1e-04	1e-04	0.02	0.871522856690247
IGHV1-2HU4*02	1e-04	1e-04	0.01	0.871522856690247
IGHV1-2OLR*09	1e-04	1e-04	0.02	0.871522856690247
IGHV2-5KIN*07	1e-04	1e-04	0.02	0.871522856690247
IGHV3-22WP*08	2e-04	2e-04	0.02	0.871605849033301
IGHV3-CLND*04	1e-04	1e-04	0.001	0.871522856690247
IGHV4-6KBL*04	1e-04	1e-04	0.008	0.871522856690247
IGHV9-46UO*14	2e-04	2e-04	0.02	0.871682000570149
IGHV4-2JI5*12	1e-04	1e-04	0.02	0.871522856690247
IGHV7-2ITL*15	1e-04	1e-04	0.02	0.871522856690247
IGHV3-4QRG*02	2e-04	2e-04	0.02	0.871599008227095
IGHV4-2NIW*04	1e-04	1e-04	0.02	0.871522856690247
IGHV1-2BLY*01	1e-04			
IGHV1-2BLY*02	1e-04			
IGHV1-2BLY*03	1e-04			
IGHV1-2BLY*05	1e-04			
IGHV1-2BLY*06	1e-04			
IGHV1-2BLY*07	1e-04			
IGHV1-2BLY*09	1e-04			
IGHV1-2HU4*03	1e-04			
IGHV1-2HU4*05	1e-04			
IGHV1-2OLR*03	1e-04			
IGHV1-2OLR*06	1e-04			
IGHV1-2OLR*07	1e-04			
IGHV1-2OLR*08	1e-04			
IGHV1-2OLR*10	1e-04			
IGHV1-2OLR*11	1e-04			
IGHV1-2OLR*14	1e-04			
IGHV1-4B2U*01	1e-04			
IGHV1-4B2U*04	1e-04			
IGHV1-4B2U*08	1e-04			
IGHV1-5CI5*01	1e-04			
IGHV1-5CI5*02	1e-04			
IGHV1-5CI5*05	1e-04			
IGHV1-5CI5*11	1e-04			
IGHV1-5CI5*13	1e-04			
IGHV1-C44K*02	1e-04			
IGHV1-DAVK*01	1e-04			
IGHV1-F5R3*01	1e-04			
IGHV1-F5R3*02	1e-04			
IGHV1-RO6H*01	1e-04			
IGHV1-TCEU*01	1e-04			
IGHV1-TCEU*02	1e-04			
IGHV1-TNJW*01	1e-04			
IGHV1-ZGGJ*01	1e-04			
IGHV10-LLQ3*01	1e-04			
IGHV11-3ZCZ*01	1e-04			
IGHV2-2YU6*01	1e-04			
IGHV2-2YU6*04	1e-04			
IGHV2-2YU6*06	1e-04			
IGHV2-3D4X*01	1e-04			
IGHV2-3D4X*02	1e-04			
IGHV2-3D4X*04/IGHV2-3D4X*05	1e-04			
IGHV2-3D4X*07	1e-04			
IGHV2-3D4X*09	1e-04			
IGHV2-3QDL*03	1e-04			
IGHV2-3QDL*04	1e-04			
IGHV2-3QDL*09	1e-04			
IGHV2-5KIN*05	1e-04			
IGHV2-5KIN*13	1e-04			
IGHV2-5KIN*16	1e-04			
IGHV2-5KIN*17	1e-04			
IGHV3-22WP*01	1e-04			
IGHV3-22WP*02	1e-04			
IGHV3-22WP*03	1e-04			
IGHV3-22WP*05	1e-04			
IGHV3-22WP*06	1e-04			
IGHV3-24RK*02	1e-04			
IGHV3-24RK*04	1e-04			
IGHV3-24RK*06	1e-04			
IGHV3-2BNO*01	1e-04			
IGHV3-2BNO*02	1e-04			
IGHV3-2BNO*04	1e-04			
IGHV3-2BNO*05	1e-04			
IGHV3-2BNO*09	1e-04			
IGHV3-2BNO*10	1e-04			
IGHV3-2BNO*12	1e-04			
IGHV3-2K4H*01	1e-04			
IGHV3-2K4H*02	1e-04			
IGHV3-2RXM*04	1e-04			
IGHV3-2RXM*06	1e-04			
IGHV3-2RXM*08	1e-04			
IGHV3-2RXM*09	1e-04			
IGHV3-2RXM*10	1e-04			
IGHV3-2RXM*11	1e-04			
IGHV3-2RXM*14	1e-04			
IGHV3-2RXM*16	1e-04			
IGHV3-2UXX*02	1e-04			
IGHV3-2UXX*04	1e-04			
IGHV3-2UXX*06	1e-04			
IGHV3-2UXX*07	1e-04			
IGHV3-2UXX*10	1e-04			
IGHV3-2UXX*13	1e-04			
IGHV3-2VS2*01	1e-04			
IGHV3-2VS2*05	1e-04			
IGHV3-2VS2*09	1e-04			
IGHV3-35O3*02	1e-04			
IGHV3-35O3*05	1e-04			
IGHV3-35O3*06	1e-04			
IGHV3-35O3*07	1e-04			
IGHV3-37F2*04	1e-04			
IGHV3-37F2*05	1e-04			
IGHV3-37F2*06	1e-04			
IGHV3-37F2*07	1e-04			
IGHV3-3PEF*04	1e-04			
IGHV3-3PEF*06	1e-04			
IGHV3-3PEF*07	1e-04			
IGHV3-3PEF*08	1e-04			
IGHV3-3PEF*10	1e-04			
IGHV3-3PEF*13	1e-04			
IGHV3-3PEF*14	1e-04			
IGHV3-3PEF*15	1e-04			
IGHV3-3PEF*17	1e-04			
IGHV3-3PEF*19	1e-04			
IGHV3-3PEF*21	1e-04			
IGHV3-3PEF*23	1e-04			
IGHV3-3PEF*24	1e-04			
IGHV3-3PEF*25	1e-04			
IGHV3-3PEF*28	1e-04			
IGHV3-3PEF*29	1e-04			
IGHV3-3PEF*33	1e-04			
IGHV3-3UBQ*02	1e-04			
IGHV3-3UBQ*03	1e-04			
IGHV3-3UBQ*05	1e-04			
IGHV3-4D57*02	1e-04			
IGHV3-4D57*07	1e-04			
IGHV3-4GAP*01	1e-04			
IGHV3-4KYZ*02	1e-04			
IGHV3-4KYZ*06	1e-04			
IGHV3-4KYZ*10	1e-04			
IGHV3-4KYZ*11	1e-04			
IGHV3-4KYZ*15	1e-04			
IGHV3-4KYZ*16	1e-04			
IGHV3-4KYZ*17	1e-04			
IGHV3-4KYZ*18	1e-04			
IGHV3-4KYZ*19	1e-04			
IGHV3-4QRG*01	1e-04			
IGHV3-4QRG*03	1e-04			
IGHV3-4QRG*05	1e-04			
IGHV3-4RPY*02	1e-04			
IGHV3-4TKM*01	1e-04			
IGHV3-5HEL*01	1e-04			
IGHV3-5HEL*02	1e-04			
IGHV3-5HEL*03	1e-04			
IGHV3-5HEL*05	1e-04			
IGHV3-5HEL*06	1e-04			
IGHV3-5HEL*07	1e-04			
IGHV3-5HEL*09	1e-04			
IGHV3-5HEL*10	1e-04			
IGHV3-5HEL*11	1e-04			
IGHV3-5HEL*12	1e-04			
IGHV3-5HEL*13	1e-04			
IGHV3-5JBG*04	1e-04			
IGHV3-5JBG*05	1e-04			
IGHV3-5M3E*03	1e-04			
IGHV3-5M3E*04	1e-04			
IGHV3-5M3E*07	1e-04			
IGHV3-5M3E*08	1e-04			
IGHV3-5M3E*12	1e-04			
IGHV3-5M3E*15	1e-04			
IGHV3-5M3E*17	1e-04			
IGHV3-5M3E*19	1e-04			
IGHV3-6HY2*02	1e-04			
IGHV3-6HY2*06	1e-04			
IGHV3-6JOO*04	1e-04			
IGHV3-6MZB*01	1e-04			
IGHV3-6MZB*02	1e-04			
IGHV3-6MZB*03	1e-04			
IGHV3-6W37*02	1e-04			
IGHV3-6W37*06	1e-04			
IGHV3-7HCW*01	1e-04			
IGHV3-7MC3*04	1e-04			
IGHV3-7MC3*05	1e-04			
IGHV3-7MC3*06	1e-04			
IGHV3-7MC3*08	1e-04			
IGHV3-7MC3*09	1e-04			
IGHV3-7MC3*10	1e-04			
IGHV3-BB34*01	1e-04			
IGHV3-BB34*02	1e-04			
IGHV3-BB34*03	1e-04			
IGHV3-BB34*05	1e-04			
IGHV3-BTKS*01	1e-04			
IGHV3-BTKS*02	1e-04			
IGHV3-BTKS*03	1e-04			
IGHV3-BTKS*04	1e-04			
IGHV3-BTKS*05	1e-04			
IGHV3-BTKS*06	1e-04			
IGHV3-BTKS*07	1e-04			
IGHV3-BTKS*08	1e-04			
IGHV3-CLND*06	1e-04			
IGHV3-CPDB*03	1e-04			
IGHV3-D3PW*01	1e-04			
IGHV3-D3PW*06	1e-04			
IGHV3-DWUN*01	1e-04			
IGHV3-M5YN*01	1e-04			
IGHV3-MKDL*01	1e-04			
IGHV3-MKDL*02	1e-04			
IGHV3-MKDL*03	1e-04			
IGHV3-MKDL*05	1e-04			
IGHV3-MKDL*09	1e-04			
IGHV3-N72G*01	1e-04			
IGHV3-PJYR*01	1e-04			
IGHV3-WOIZ*02	1e-04			
IGHV3-WPIB*01	1e-04			
IGHV3-ZJGS*01	1e-04			
IGHV4-2BVG*01	1e-04			
IGHV4-2BVG*02/IGHV4-2BVG*12	1e-04			
IGHV4-2BVG*04	1e-04			
IGHV4-2BVG*06	1e-04			
IGHV4-2BVG*09	1e-04			
IGHV4-2BVG*11	1e-04			
IGHV4-2BVG*14	1e-04			
IGHV4-2BVG*15	1e-04			
IGHV4-2DK6*01	1e-04			
IGHV4-2DK6*02	1e-04			
IGHV4-2DK6*03	1e-04			
IGHV4-2DK6*04	1e-04			
IGHV4-2DK6*06	1e-04			
IGHV4-2DK6*07	1e-04			
IGHV4-2DK6*09	1e-04			
IGHV4-2DK6*11	1e-04			
IGHV4-2DK6*15	1e-04			
IGHV4-2DK6*18	1e-04			
IGHV4-2DK6*19	1e-04			
IGHV4-2DK6*20	1e-04			
IGHV4-2DK6*21	1e-04			
IGHV4-2DK6*23	1e-04			
IGHV4-2JI5*01	1e-04			
IGHV4-2JI5*03	1e-04			
IGHV4-2JI5*07	1e-04			
IGHV4-2JI5*09	1e-04			
IGHV4-2JI5*10	1e-04			
IGHV4-2JI5*16	1e-04			
IGHV4-2JI5*17/IGHV4-2JI5*27	1e-04			
IGHV4-2JI5*18	1e-04			
IGHV4-2JI5*21	1e-04			
IGHV4-2JI5*24	1e-04			
IGHV4-2JI5*25	1e-04			
IGHV4-2JI5*28	1e-04			
IGHV4-2JI5*30	1e-04			
IGHV4-2NIW*03	1e-04			
IGHV4-2NIW*06	1e-04			
IGHV4-2NIW*07	1e-04			
IGHV4-2NIW*08	1e-04			
IGHV4-2NIW*10	1e-04			
IGHV4-2QEK*02/IGHV4-2QEK*05	1e-04			
IGHV4-2VJM*01	1e-04			
IGHV4-2VJM*05	1e-04			
IGHV4-2VJM*06	1e-04			
IGHV4-2VJM*09	1e-04			
IGHV4-2W2B*01	1e-04			
IGHV4-2W2B*02	1e-04			
IGHV4-2W2B*04	1e-04			
IGHV4-2W2B*09	1e-04			
IGHV4-2W2B*11	1e-04			
IGHV4-2WWR*02	1e-04			
IGHV4-2WWR*05	1e-04			
IGHV4-2ZA7*01	1e-04			
IGHV4-2ZA7*05	1e-04			
IGHV4-2ZSG*01	1e-04			
IGHV4-2ZSG*05	1e-04			
IGHV4-2ZSG*08	1e-04			
IGHV4-2ZSG*12	1e-04			
IGHV4-2ZSG*13	1e-04			
IGHV4-2ZSG*15	1e-04			
IGHV4-2ZSG*18	1e-04			
IGHV4-2ZSG*22	1e-04			
IGHV4-2ZSG*24	1e-04			
IGHV4-2ZSG*25	1e-04			
IGHV4-36BV*02	1e-04			
IGHV4-36BV*03	1e-04			
IGHV4-36BV*04	1e-04			
IGHV4-36BV*06	1e-04			
IGHV4-36BV*08	1e-04			
IGHV4-36BV*09	1e-04			
IGHV4-36BV*11	1e-04			
IGHV4-36BV*13	1e-04			
IGHV4-36BV*16	1e-04			
IGHV4-36BV*17	1e-04			
IGHV4-36BV*18	1e-04			
IGHV4-36BV*20	1e-04			
IGHV4-36BV*25	1e-04			
IGHV4-36BV*29	1e-04			
IGHV4-36BV*30	1e-04			
IGHV4-36BV*32	1e-04			
IGHV4-36BV*33	1e-04			
IGHV4-36BV*34	1e-04			
IGHV4-36BV*35	1e-04			
IGHV4-36BV*36	1e-04			
IGHV4-36BV*37	1e-04			
IGHV4-37DG*03	1e-04			
IGHV4-37DG*04	1e-04			
IGHV4-37DG*06	1e-04			
IGHV4-37DG*07	1e-04			
IGHV4-37DG*08	1e-04			
IGHV4-37DG*10	1e-04			
IGHV4-3H7B*04	1e-04			
IGHV4-3H7B*08	1e-04			
IGHV4-3H7B*12	1e-04			
IGHV4-3X7S*02	1e-04			
IGHV4-3X7S*03	1e-04			
IGHV4-3X7S*06	1e-04			
IGHV4-3X7S*07	1e-04			
IGHV4-3X7S*08	1e-04			
IGHV4-3X7S*09	1e-04			
IGHV4-3X7S*11	1e-04			
IGHV4-3X7S*12	1e-04			
IGHV4-3X7S*13	1e-04			
IGHV4-3XRG*01	1e-04			
IGHV4-3XRG*04	1e-04			
IGHV4-3YA2*01	1e-04			
IGHV4-3YA2*02	1e-04			
IGHV4-3YA2*03	1e-04			
IGHV4-4GQY*01	1e-04			
IGHV4-4GQY*02	1e-04			
IGHV4-4GRF*02	1e-04			
IGHV4-4GRF*03	1e-04			
IGHV4-4GRF*04	1e-04			
IGHV4-4GRF*10	1e-04			
IGHV4-4GRF*11	1e-04			
IGHV4-4MLZ*02	1e-04			
IGHV4-4V2C*01	1e-04			
IGHV4-4V2C*02	1e-04			
IGHV4-4VQH*04	1e-04			
IGHV4-4VQH*06	1e-04			
IGHV4-4VQH*07	1e-04			
IGHV4-4ZJ3*01	1e-04			
IGHV4-4ZJ3*04	1e-04			
IGHV4-4ZJ3*06	1e-04			
IGHV4-53JX*01	1e-04			
IGHV4-53JX*02	1e-04			
IGHV4-53JX*04	1e-04			
IGHV4-53JX*09	1e-04			
IGHV4-53JX*12	1e-04			
IGHV4-53JX*14	1e-04			
IGHV4-5TXH*01	1e-04			
IGHV4-5TXH*02	1e-04			
IGHV4-5TXH*04	1e-04			
IGHV4-62EI*02	1e-04			
IGHV4-62EI*05	1e-04			
IGHV4-62EI*06	1e-04			
IGHV4-62EI*07	1e-04			
IGHV4-6CBH*01/IGHV4-6CBH*03	1e-04			
IGHV4-6CBH*04	1e-04			
IGHV4-6CBH*11	1e-04			
IGHV4-6CBH*14	1e-04			
IGHV4-6CBH*15	1e-04			
IGHV4-6KBL*01	1e-04			
IGHV4-6KBL*02	1e-04			
IGHV4-6KBL*03	1e-04			
IGHV4-6KBL*05	1e-04			
IGHV4-6KBL*06	1e-04			
IGHV4-6LZZ*01	1e-04			
IGHV4-7BJU*01	1e-04			
IGHV4-7BJU*04/IGHV4-7BJU*07	1e-04			
IGHV4-7BJU*08	1e-04			
IGHV4-7PM2*01	1e-04			
IGHV4-ABR2*01	1e-04			
IGHV4-AM7J*01	1e-04			
IGHV4-AM7J*03	1e-04			
IGHV4-ARW2*01	1e-04			
IGHV4-ARW2*02	1e-04			
IGHV4-ARW2*03	1e-04			
IGHV4-ARW2*05	1e-04			
IGHV4-ARW2*07	1e-04			
IGHV4-ARW2*08	1e-04			
IGHV4-BJNS*01	1e-04			
IGHV4-BN2L*02	1e-04			
IGHV4-BN2L*04	1e-04			
IGHV4-CH2N*02	1e-04			
IGHV4-HDK3*02	1e-04			
IGHV4-HDK3*05	1e-04			
IGHV4-HDK3*06	1e-04			
IGHV4-HHZI*01	1e-04			
IGHV4-HJCG*01	1e-04			
IGHV4-HJCG*02	1e-04			
IGHV4-HJCG*03	1e-04			
IGHV4-HNNT*01	1e-04			
IGHV4-I3XU*01	1e-04			
IGHV4-JJNU*02	1e-04			
IGHV4-JJNU*04	1e-04			
IGHV4-KG56*01	1e-04			
IGHV4-N2SB*02	1e-04			
IGHV4-PRFK*01	1e-04			
IGHV4-RBAL*01	1e-04			
IGHV4-VX5Q*01	1e-04			
IGHV4-ZL6O*01	1e-04			
IGHV5-2DZZ*01	1e-04			
IGHV5-2GFF*02	1e-04			
IGHV5-2GFF*04	1e-04			
IGHV5-2GFF*05	1e-04			
IGHV5-2GFF*06	1e-04			
IGHV5-2GFF*09	1e-04			
IGHV5-2GFF*11	1e-04			
IGHV5-4KAP*02	1e-04			
IGHV5-4KAP*03	1e-04			
IGHV5-4KAP*08	1e-04			
IGHV5-4KAP*09	1e-04			
IGHV5-4KAP*12	1e-04			
IGHV5-T2J5*01	1e-04			
IGHV5-T2J5*02	1e-04			
IGHV6-DRH7*01	1e-04			
IGHV7-2ITL*02	1e-04			
IGHV7-2ITL*04	1e-04			
IGHV7-2ITL*07	1e-04			
IGHV7-2ITL*08	1e-04			
IGHV7-2ITL*09	1e-04			
IGHV7-2ITL*10	1e-04			
IGHV7-2ITL*11	1e-04			
IGHV7-2ITL*13	1e-04			
IGHV7-2ITL*14	1e-04			
IGHV7-3Y2O*02	1e-04			
IGHV7-3Y2O*04	1e-04			
IGHV8-D66A*03	1e-04			
IGHV9-2BCH*01	1e-04			
IGHV9-2BCH*02	1e-04			
IGHV9-2BCH*03	1e-04			
IGHV9-2BCH*04	1e-04			
IGHV9-2BCH*05	1e-04			
IGHV9-2BCH*07	1e-04			
IGHV9-2BCH*09	1e-04			
IGHV9-2BCH*10	1e-04			
IGHV9-2BCH*11	1e-04			
IGHV9-2BCH*13	1e-04			
IGHV9-2BCH*14	1e-04			
IGHV9-2BCH*15	1e-04			
IGHV9-2BCH*16	1e-04			
IGHV9-2IKB*01	1e-04			
IGHV9-2IKB*05	1e-04			
IGHV9-2IKB*06	1e-04			
IGHV9-2SFB*01	1e-04			
IGHV9-2SFB*02	1e-04			
IGHV9-2SFB*03	1e-04			
IGHV9-2SFB*07	1e-04			
IGHV9-2SFB*08	1e-04			
IGHV9-2SFB*09	1e-04			
IGHV9-2SFB*10	1e-04			
IGHV9-2SFB*13	1e-04			
IGHV9-3L3I*02	1e-04			
IGHV9-3L3I*07	1e-04			
IGHV9-46UO*04	1e-04			
IGHV9-46UO*08	1e-04			
IGHV9-46UO*09	1e-04			
IGHV9-46UO*10	1e-04			
IGHV9-4AQC*02	1e-04			
IGHV9-4AQC*07	1e-04			
IGHV9-4AQC*08	1e-04			
IGHV9-4AQC*09	1e-04			
IGHV9-4AQC*10	1e-04			
IGHV9-4BFW*01	1e-04			
IGHV9-4BFW*03	1e-04			
IGHV9-4BFW*04	1e-04			
IGHV9-4BFW*05	1e-04			
IGHV9-4BFW*07	1e-04			
IGHV9-4BFW*11	1e-04			
IGHV9-4BFW*16	1e-04			
IGHV9-4BFW*17	1e-04			
IGHV9-4BFW*18	1e-04			
IGHV9-4BFW*19	1e-04			
IGHV9-4FTX*01	1e-04			
IGHV9-4FTX*02	1e-04			
IGHV9-4FTX*04	1e-04			
IGHV9-4FTX*08	1e-04			
IGHV9-4FTX*13	1e-04			
IGHV9-4FTX*16	1e-04			
IGHV9-4FTX*17	1e-04			
IGHV9-4KLO*01	1e-04			
IGHV9-4SV6*01	1e-04			
IGHV9-4SV6*02	1e-04			
IGHV9-4SV6*03	1e-04			
IGHV9-4SV6*04	1e-04			
IGHV9-4SV6*05	1e-04			
IGHV9-4SV6*06	1e-04			
IGHV9-6R7J*01	1e-04			
IGHV9-6R7J*02	1e-04			
IGHV9-6R7J*03	1e-04			
IGHV9-6R7J*04	1e-04			
IGHV9-6R7J*05	1e-04			
IGHV9-7U4O*02	1e-04			
IGHV9-7U4O*03	1e-04			
IGHV9-7U4O*05	1e-04			
IGHV9-7U4O*08	1e-04			
IGHV9-7U4O*09	1e-04			
IGHV9-B6L6*01	1e-04			
IGHV9-B6L6*02	1e-04			
IGHV9-B6L6*03	1e-04			
IGHV9-EKCD*01	1e-04			
IGHV9-EKCD*02	1e-04			
IGHV9-EKCD*03	1e-04			
IGHV9-GKLX*01	1e-04			
IGHV9-MBLR*01	1e-04			
IGHV9-OGUP*01	1e-04			
IGHV9-OGUP*02	1e-04			
IGHV9-OGUP*03	1e-04			
IGKJ2-CVFT*01	0.001	0.001	0.2	0.986928104575163
IGKJ2-KYRI*01	0.001	0.001	0.2	0.986928104575163
IGKJ2-NIUP*01	0.001	0.001	0.1	0.986928104575163
IGKJ6-6HXQ*01	0.02	0.02	0.1	0.991285403050109
IGKJ6-6HXQ*02	0.002	0.002	0.1	0.991285403050109
IGKJ5-JDIR*01	0.001	0.001	0.9	0.986928104575163
IGKV1-223S*01	0.001	0.001	0.008	0.869696175017579
IGKV1-223S*22	0.001	0.001	0.008	0.869696175017579
IGKV1-25EI*04	0.001	0.001	0.006	0.869696175017579
IGKV1-25EI*05	0.001	0.001	0.007	0.869696175017579
IGKV1-25EI*08	0.001	0.001	0.01	0.869696175017579
IGKV1-25EI*09	0.001	0.001	0.004	0.869696175017579
IGKV1-2CRK*02	0.001	0.001	0.01	0.869696175017579
IGKV1-2CRK*04	0.001	0.001	0.9	0.869696175017579
IGKV1-2CRK*10	0.001	0.001	0.006	0.869696175017579
IGKV1-2CYK*05	0.001	0.001	0.002	0.869696175017579
IGKV1-2I6R*07	0.001	0.001	0.006	0.869696175017579
IGKV1-2KYC*05	0.001	0.001	0.01	0.869696175017579
IGKV1-2NCM*10	0.001	0.001	0.003	0.869696175017579
IGKV1-2NCM*13	0.001	0.001	0.005	0.869696175017579
IGKV1-2UN4*01	0.001	0.001	0.01	0.869696175017579
IGKV1-2UN4*07	0.001	0.001	0.009	0.869696175017579
IGKV1-2UN4*09	0.001	0.001	0.008	0.869696175017579
IGKV1-2UN4*15	0.001	0.001	0.003	0.869696175017579
IGKV1-2UN4*18	0.001	0.001	0.003	0.869696175017579
IGKV1-42PC*02	0.001	0.001	0.003	0.869696175017579
IGKV1-42PC*04/IGKV1-42PC*11	0.001	0.001	0.009	0.869696175017579
IGKV1-42PC*09	0.001	0.001	0.01	0.869696175017579
IGKV1-436A*03	0.001	0.001	0.01	0.869696175017579
IGKV1-436A*07	0.02	0.02	0.02	0.869741715344449
IGKV1-43MA*05	0.001	0.001	0.01	0.869696175017579
IGKV1-4A5D*04	0.001	0.001	0.008	0.869696175017579
IGKV1-4A5D*07	0.001	0.001	0.004	0.869696175017579
IGKV1-4JS6*07	0.001	0.001	0.002	0.869696175017579
IGKV1-4JS6*12	0.001	0.001	0.003	0.869696175017579
IGKV1-5SWL*01	0.001	0.001	0.004	0.869696175017579
IGKV1-675G*01	0.008	0.008	0.008	0.869741715344449
IGKV1-675G*03	0.001	0.001	0.006	0.869696175017579
IGKV1-6MJ2*01	0.001	0.001	0.001	0.869696175017579
IGKV1-6RG2*01	0.001	0.001	0.001	0.869696175017579
IGKV1-A2D3*06	0.001	0.001	0.001	0.869696175017579
IGKV1-B6M4*03	0.001	0.001	0.006	0.869696175017579
IGKV1-BUSZ*06	0.001	0.001	0.002	0.869696175017579
IGKV1-C6ID*03	0.001	0.001	0.01	0.869696175017579
IGKV1-EDF3*05	0.001	0.001	0.006	0.869696175017579
IGKV1-EDF3*06	0.001	0.001	0.01	0.869696175017579
IGKV1-S7KB*03	0.001	0.001	0.001	0.869696175017579
IGKV2-274M*01	0.001	0.001	0.002	0.869696175017579
IGKV2-274M*04	0.001	0.001	0.01	0.869696175017579
IGKV2-274M*06	0.001	0.001	0.008	0.869696175017579
IGKV2-274M*09	0.001	0.001	0.02	0.869696175017579
IGKV2-2GXT*04	0.002	0.002	0.01	0.869983350565179
IGKV2-2GXT*05	0.001	0.001	0.01	0.869696175017579
IGKV2-2GXT*07	0.001	0.001	0.007	0.869696175017579
IGKV2-2IPP*06	0.001	0.001	0.003	0.869696175017579
IGKV2-2PRM*01	0.001	0.001	0.006	0.869696175017579
IGKV2-2PRM*02	0.001	0.001	0.004	0.869696175017579
IGKV2-37MC*03	0.001	0.001	0.002	0.869696175017579
IGKV2-3EAT*01	0.001	0.001	0.004	0.869696175017579
IGKV2-3EAT*03	0.001	0.001	0.002	0.869696175017579
IGKV2-3EAT*08	0.001	0.001	0.002	0.869696175017579
IGKV2-523J*01	0.001	0.001	0.003	0.869696175017579
IGKV2-54DC*01	0.001	0.001	0.001	0.869696175017579
IGKV2-54DC*04	0.001	0.001	0.007	0.869696175017579
IGKV2-56CB*05	0.001	0.001	0.002	0.869696175017579
IGKV2-56CB*07	0.001	0.001	0.001	0.869696175017579
IGKV2-5HMW*03	0.001	0.001	0.003	0.869696175017579
IGKV2-5HMW*05	0.001	0.001	0.001	0.869696175017579
IGKV2-5J5B*06	0.001	0.001	0.003	0.869696175017579
IGKV2-5J5B*07	0.001	0.001	0.002	0.869696175017579
IGKV2-5USY*02	0.001	0.001	0.006	0.869696175017579
IGKV2-5USY*05	0.001	0.001	0.006	0.869696175017579
IGKV2-A5OK*03	0.001	0.001	0.002	0.869696175017579
IGKV2-BIYZ*03	0.001	0.001	0.007	0.869696175017579
IGKV2-BIYZ*05/IGKV2-BIYZ*08	0.001	0.001	0.01	0.869696175017579
IGKV2-CR34*01	0.001	0.001	0.01	0.869696175017579
IGKV2-EG5C*01	0.001	0.001	0.001	0.869696175017579
IGKV2-NEJN*02	0.001	0.001	0.008	0.869696175017579
IGKV3-2VHT*06	0.001	0.001	0.001	0.869696175017579
IGKV3-5LO6*01	0.001	0.001	0.01	0.869696175017579
IGKV3-5LO6*05	0.001	0.001	0.007	0.869696175017579
IGKV3-6BQA*02	0.001	0.001	0.001	0.869696175017579
IGKV3-7Y35*01	0.001	0.001	0.01	0.869696175017579
IGKV3-7Y35*07	0.002	0.002	0.009	0.869887495092176
IGKV3-F7UZ*07	0.001	0.001	0.01	0.869696175017579
IGKV3-ND5I*01/IGKV3-ND5I*02	0.001	0.001	0.004	0.869696175017579
IGKV4-GNWE*04	0.001	0.001	0.002	0.869696175017579
IGKV5-DP4W*02	0.001	0.001	0.001	0.869696175017579
IGKV6-3UGJ*02	0.001	0.001	0.003	0.869696175017579
IGKV6-3UGJ*03/IGKV6-3UGJ*04	0.001	0.001	0.002	0.869696175017579
IGKV6-6TCR*03	0.001	0.001	0.001	0.869696175017579
IGKV6-6TCR*04	0.001	0.001	0.001	0.869696175017579
IGKV7-3ZGD*01	0.001	0.001	0.001	0.869696175017579
IGKV7-3ZGD*02	0.001	0.001	0.007	0.869696175017579
IGKV8-EXAK*01	0.001	0.001	0.01	0.869696175017579
IGKV1-2CYK*01	0.001	0.001	0.001	0.869696175017579
IGKV1-2I6R*02	0.001	0.001	0.004	0.869696175017579
IGKV1-2I6R*08	0.004	0.004	0.004	0.869741715344449
IGKV1-2KYC*03	0.003	0.003	0.004	0.869808828774734
IGKV1-2KYC*06	0.001	0.001	0.003	0.869696175017579
IGKV1-2NCM*12	0.006	0.006	0.007	0.869741715344449
IGKV1-2UN4*02	0.001	0.001	0.006	0.869696175017579
IGKV1-436A*01/IGKV1-436A*08	0.001	0.001	0.009	0.869696175017579
IGKV1-43MA*10	0.001	0.001	0.01	0.869696175017579
IGKV1-4A5D*06	0.001	0.001	0.01	0.869696175017579
IGKV1-4JS6*04	0.001	0.001	0.003	0.869696175017579
IGKV1-675G*07	0.002	0.002	0.005	0.869789987168128
IGKV1-B6M4*02/IGKV1-B6M4*08/IGKV1-B6M4*09	0.002	0.002	0.002	0.869795751444353
IGKV1-BUSZ*08	0.001	0.001	0.001	0.869696175017579
IGKV1-EDF3*02	0.001	0.001	0.003	0.869696175017579
IGKV1-EDF3*03	0.001	0.001	0.008	0.869696175017579
IGKV2-2IPP*01	0.004	0.004	0.004	0.869732675536239
IGKV2-3EAT*06	0.001	0.001	0.002	0.869696175017579
IGKV2-5WB2*02	0.006	0.006	0.007	0.869732675536239
IGKV2-A5OK*05	0.008	0.008	0.008	0.869986979205214
IGKV2-BIYZ*02	0.001	0.001	0.01	0.869696175017579
IGKV2-CR34*02	0.001	0.001	0.9	0.869696175017579
IGKV3-2BOL*03	0.001	0.001	0.02	0.869696175017579
IGKV3-2VHT*03	0.001	0.001	0.003	0.869696175017579
IGKV3-35KK*03	0.001	0.001	0.004	0.869696175017579
IGKV3-6P57*04	0.001	0.001	0.9	0.869696175017579
IGKV3-6P57*07	0.001	0.001	0.01	0.869696175017579
IGKV3-7Y35*04	0.001	0.001	0.009	0.869696175017579
IGKV3-BZJH*01	0.001	0.001	0.007	0.869696175017579
IGKV3-BZJH*02	0.001	0.001	0.01	0.869696175017579
IGKV3-F7UZ*03	0.001	0.001	0.01	0.869696175017579
IGKV4-GNWE*02	0.003	0.003	0.003	0.869732675536239
IGKV7-3ZGD*03	0.001	0.001	0.005	0.869696175017579
IGKV8-2QHW*01	0.001	0.001	0.001	0.869696175017579
IGKV8-EXAK*02	0.001	0.001	0.001	0.869696175017579
IGKV1-223S*11	0.001	0.001	0.005	0.869696175017579
IGKV1-2CRK*09	0.001	0.001	0.9	0.869696175017579
IGKV1-2CYK*04	0.001	0.001	0.003	0.869696175017579
IGKV1-2YRB*04	0.001	0.001	0.9	0.869696175017579
IGKV1-3FP6*01	0.003	0.003	0.9	0.870417670086857
IGKV1-42PC*08	0.001	0.001	0.008	0.869696175017579
IGKV1-436A*04	0.001	0.001	0.01	0.869696175017579
IGKV1-436A*05	0.001	0.001	0.9	0.869696175017579
IGKV1-43MA*08	0.001	0.001	0.01	0.869696175017579
IGKV1-5SWL*05	0.001	0.001	0.005	0.869696175017579
IGKV1-6B4R*01	0.002	0.002	0.007	0.869792579269267
IGKV1-6RG2*04	0.001	0.001	0.001	0.869696175017579
IGKV1-7OW5*02	0.001	0.001	0.003	0.869696175017579
IGKV1-ETVE*01	0.004	0.004	0.008	0.869741715344449
IGKV2-2PRM*03	0.001	0.001	0.007	0.869696175017579
IGKV2-2PRM*05	0.001	0.001	0.003	0.869696175017579
IGKV2-2PRM*10	0.001	0.001	0.01	0.869696175017579
IGKV2-2PRM*11	0.002	0.002	0.01	0.869791090840488
IGKV2-37MC*04	0.001	0.001	0.002	0.869696175017579
IGKV2-3EAT*05	0.001	0.001	0.002	0.869696175017579
IGKV2-56CB*01	0.001	0.001	0.002	0.869696175017579
IGKV2-56CB*03	0.001	0.001	0.9	0.869696175017579
IGKV2-5HMW*01	0.001	0.001	0.9	0.869696175017579
IGKV2-5J5B*01	0.004	0.004	0.005	0.869741507988248
IGKV2-5USY*01	0.001	0.001	0.008	0.869696175017579
IGKV2-5USY*04	0.001	0.001	0.002	0.869696175017579
IGKV2-A5OK*02/IGKV2-A5OK*04	0.001	0.001	0.008	0.869696175017579
IGKV2-BIYZ*07	0.001	0.001	0.001	0.869696175017579
IGKV3-2BOL*09	0.001	0.001	0.02	0.869696175017579
IGKV3-2VHT*05	0.001	0.001	0.003	0.869696175017579
IGKV3-2VHT*08	0.001	0.001	0.001	0.869696175017579
IGKV3-35KK*01	0.001	0.001	0.9	0.869696175017579
IGKV3-35KK*02	0.001	0.001	0.004	0.869696175017579
IGKV3-3ZVT*03	0.003	0.003	0.004	0.869786566504122
IGKV3-5LO6*03	0.001	0.001	0.005	0.869696175017579
IGKV3-6BQA*04	0.001	0.001	0.006	0.869696175017579
IGKV3-7Y35*03	0.001	0.001	0.01	0.869696175017579
IGKV3-F7UZ*01	0.001	0.001	0.01	0.869696175017579
IGKV5-DP4W*01	0.001	0.001	0.001	0.869696175017579
IGKV8-EXAK*03	0.001	0.001	0.01	0.869696175017579
IGKV1-223S*08	0.001	0.001	0.008	0.869696175017579
IGKV1-223S*12/IGKV1-223S*13	0.001	0.001	0.008	0.869696175017579
IGKV1-2CRK*06/IGKV1-2CRK*07	0.001	0.001	0.005	0.869696175017579
IGKV1-2CUF*01	0.001	0.001	0.9	0.869696175017579
IGKV1-2CUF*02	0.002	0.002	0.008	0.869741715344449
IGKV1-2NCM*05	0.001	0.001	0.003	0.869696175017579
IGKV1-2UN4*13	0.002	0.002	0.01	0.869792579269267
IGKV1-42PC*01/IGKV1-42PC*03/IGKV1-42PC*06	0.001	0.001	0.01	0.869696175017579
IGKV1-4JS6*06	0.001	0.001	0.001	0.869696175017579
IGKV1-6MJ2*02	0.001	0.001	0.006	0.869696175017579
IGKV1-6RG2*06	0.001	0.001	0.001	0.869696175017579
IGKV1-EDF3*04	0.001	0.001	0.01	0.869696175017579
IGKV2-2IPP*07	0.001	0.001	0.004	0.869696175017579
IGKV2-37MC*02	0.001	0.001	0.9	0.869696175017579
IGKV2-37MC*05	0.001	0.001	0.001	0.869696175017579
IGKV2-5J5B*02	0.001	0.001	0.001	0.869696175017579
IGKV3-2VHT*07	0.001	0.001	0.003	0.869696175017579
IGKV3-3ZVT*01	0.001	0.001	0.002	0.869696175017579
IGKV3-5LO6*08	0.002	0.002	0.005	0.869741715344449
IGKV3-5LO6*11	0.001	0.001	0.005	0.869696175017579
IGKV3-6P57*09	0.001	0.001	0.01	0.869696175017579
IGKV3-F7UZ*06	0.001	0.001	0.01	0.869696175017579
IGKV5-DP4W*03	0.001	0.001	0.001	0.869696175017579
IGKV5-OWMC*01	0.001	0.001	0.001	0.869696175017579
IGKV1-223S*04	0.001	0.001	0.01	0.869696175017579
IGKV1-223S*06	0.001	0.001	0.005	0.869696175017579
IGKV1-2KYC*08	0.007	0.007	0.008	0.869741715344449
IGKV1-2UN4*17	0.001	0.001	0.9	0.869696175017579
IGKV1-436A*09	0.002	0.002	0.9	0.869783971330134
IGKV1-5SWL*03	0.005	0.005	0.008	0.869741715344449
IGKV1-BUSZ*04	0.001	0.001	0.9	0.869696175017579
IGKV1-C6ID*02	0.005	0.005	0.01	0.869741715344449
IGKV1-FV37*08	0.001	0.001	0.001	0.869696175017579
IGKV2-274M*07	0.006	0.006	0.01	0.869895245114607
IGKV2-2GXT*02	0.001	0.001	0.9	0.869696175017579
IGKV2-523J*02	0.001	0.001	0.005	0.869696175017579
IGKV2-523J*03	0.002	0.002	0.003	0.869741715344449
IGKV2-54DC*03	0.001	0.001	0.001	0.869696175017579
IGKV2-56CB*06	0.001	0.001	0.005	0.869696175017579
IGKV2-5HMW*02	0.001	0.001	0.002	0.869696175017579
IGKV2-A5OK*01	0.001	0.001	0.001	0.869696175017579
IGKV3-2BOL*02	0.001	0.001	0.9	0.869696175017579
IGKV3-7Y35*05	0.001	0.001	0.01	0.869696175017579
IGKV3-F7UZ*05	0.002	0.002	0.01	0.869795751444353
IGKV3-ND5I*04	0.001	0.001	0.003	0.869696175017579
IGKV1-2UN4*08	0.001	0.001	0.004	0.869696175017579
IGKV1-43MA*02	0.001	0.001	0.01	0.869696175017579
IGKV1-43MA*09	0.001	0.001	0.01	0.869696175017579
IGKV1-7OW5*03	0.001	0.001	0.002	0.869696175017579
IGKV2-5HMW*04	0.001	0.001	0.003	0.869696175017579
IGKV3-2BOL*12	0.001	0.001	0.03	0.869696175017579
IGKV3-2VHT*04	0.001	0.001	0.008	0.869696175017579
IGKV3-E7WP*01	0.001	0.001	0.01	0.869696175017579
IGKV1-223S*05	0.001	0.001	0.007	0.869696175017579
IGKV1-25EI*07	0.001	0.001	0.004	0.869696175017579
IGKV1-2CYK*03	0.001	0.001	0.003	0.869696175017579
IGKV1-2KYC*01	0.001	0.001	0.005	0.869696175017579
IGKV1-2YRB*02	0.001	0.001	0.9	0.869696175017579
IGKV1-436A*10	0.001	0.001	0.01	0.869696175017579
IGKV1-5SWL*06	0.001	0.001	0.005	0.869696175017579
IGKV1-6RG2*05	0.001	0.001	0.001	0.869696175017579
IGKV2-2IPP*03	0.001	0.001	0.002	0.869696175017579
IGKV2-2PRM*04	0.001	0.001	0.006	0.869696175017579
IGKV2-54DC*02	0.001	0.001	0.005	0.869696175017579
IGKV2-BIYZ*01	0.001	0.001	0.001	0.869696175017579
IGKV2-NEJN*03	0.001	0.001	0.001	0.869696175017579
IGKV3-2VHT*02	0.001	0.001	0.01	0.869696175017579
IGKV3-O6IG*02	0.001	0.001	0.005	0.869696175017579
IGKV4-GNWE*03	0.001	0.001	0.002	0.869696175017579
IGKV1-25EI*06	0.001	0.001	0.9	0.869696175017579
IGKV1-2NCM*08	0.001	0.001	0.9	0.869696175017579
IGKV1-2UN4*05	0.003	0.003	0.01	0.869937696022911
IGKV2-37MC*07	0.001	0.001	0.9	0.869696175017579
IGKV1-223S*19	0.005	0.005	0.009	0.869741715344449
IGKV1-2I6R*06	0.004	0.004	0.005	0.869741715344449
IGKV1-2UN4*14	0.001	0.001	0.9	0.869696175017579
IGKV1-4JS6*13	0.002	0.002	0.005	0.869741715344449
IGKV2-2IPP*04	0.001	0.001	0.9	0.869696175017579
IGKV3-2BOL*05	0.02	0.02	0.02	0.869741715344449
IGKV3-2BOL*07	0.001	0.001	0.02	0.869696175017579
IGKV3-6BQA*01	0.003	0.003	0.02	0.869741715344449
IGKV3-F7UZ*04	0.002	0.002	0.004	0.869741715344449
IGKV3-ND5I*03	0.001	0.001	0.9	0.869696175017579
IGKV1-2CYK*02	0.001	0.001	0.001	0.869696175017579
IGKV1-2UN4*10	0.001	0.001	0.008	0.869696175017579
IGKV1-43MA*03	0.001	0.001	0.9	0.869696175017579
IGKV1-6RG2*03	0.001	0.001	0.001	0.869696175017579
IGKV1-RYUQ*01	0.001	0.001	0.9	0.869696175017579
IGKV2-5J5B*04	0.001	0.001	0.003	0.869696175017579
IGKV3-6IHA*02	0.001	0.001	0.007	0.869696175017579
IGKV1-675G*02	0.001	0.001	0.008	0.869696175017579
IGKV1-6RG2*02	0.001	0.001	0.002	0.869696175017579
IGKV1-B6M4*05	0.001	0.001	0.007	0.869696175017579
IGKV2-EG5C*02	0.001	0.001	0.001	0.869696175017579
IGKV3-ND5I*05	0.001	0.001	0.005	0.869696175017579
IGKV6-3UGJ*01	0.001	0.001	0.003	0.869696175017579
IGKV6-6TCR*01	0.001	0.001	0.001	0.869696175017579
IGKV1-2NCM*09	0.001	0.001	0.02	0.869696175017579
IGKV1-2UN4*11	0.001	0.001	0.004	0.869696175017579
IGKV1-2YRB*07	0.001	0.001	0.001	0.869696175017579
IGKV1-4JS6*09	0.001	0.001	0.003	0.869696175017579
IGKV1-BUSZ*05	0.001	0.001	0.001	0.869696175017579
IGKV2-274M*03	0.001	0.001	0.002	0.869696175017579
IGKV2-56CB*04	0.001	0.001	0.004	0.869696175017579
IGKV3-5LO6*04	0.001	0.001	0.01	0.869696175017579
IGKV3-5LO6*09	0.001	0.001	0.007	0.869696175017579
IGKV1-2KYC*02	0.001	0.001	0.006	0.869696175017579
IGKV1-S7KB*02	0.001	0.001	0.001	0.869696175017579
IGKV2-5WB2*03	0.001	0.001	0.005	0.869696175017579
IGKV2-EG5C*03	0.001	0.001	0.001	0.869696175017579
IGKV3-6IHA*03/IGKV3-6IHA*06	0.001	0.001	0.9	0.869696175017579
IGKV1-2CRK*11	0.001	0.001	0.9	0.869696175017579
IGKV1-2KYC*04	0.001	0.001	0.01	0.869696175017579
IGKV1-FV37*01	0.001	0.001	0.9	0.869696175017579
IGKV2-5USY*06	0.001	0.001	0.009	0.869696175017579
IGKV1-2I6R*01	0.001	0.001	0.9	0.869696175017579
IGKV1-2KYC*07	0.002	0.002	0.9	0.869984867131186
IGKV1-7OW5*01	0.001	0.001	0.004	0.869696175017579
IGKV1-43MA*12	0.001	0.001	0.004	0.869696175017579
IGKV1-4A5D*02	0.001	0.001	0.9	0.869696175017579
IGKV1-A2D3*02	0.001	0.001	0.007	0.869696175017579
IGKV1-VC23*01	0.001	0.001	0.001	0.869696175017579
IGKV2-2IPP*02	0.001	0.001	0.006	0.869696175017579
IGKV2-2PRM*08	0.001	0.001	0.004	0.869696175017579
IGKV2-3EAT*07	0.001	0.001	0.001	0.869696175017579
IGKV2-5J5B*05	0.001	0.001	0.006	0.869696175017579
IGKV2-BIYZ*06	0.001	0.001	0.007	0.869696175017579
IGKV2-QNWI*01	0.001	0.001	0.01	0.869696175017579
IGKV3-2VHT*09	0.001	0.001	0.001	0.869696175017579
IGKV3-7Y35*06	0.001	0.001	0.01	0.869696175017579
IGKV1-223S*17	0.001	0.001	0.007	0.869696175017579
IGKV1-42PC*12	0.001	0.001	0.001	0.869696175017579
IGKV1-4A5D*03	0.001	0.001	0.005	0.869696175017579
IGKV1-4JS6*03	0.001	0.001	0.003	0.869696175017579
IGKV2-2SZ4*01	0.001	0.001	0.007	0.869696175017579
IGKV2-3EAT*02	0.001	0.001	0.001	0.869696175017579
IGKV3-6P57*05	0.001	0.001	0.01	0.869696175017579
IGKV2-2GXT*01	0.001	0.001	0.9	0.869696175017579
IGKV2-54DC*06	0.001	0.001	0.9	0.869696175017579
IGKV2-RQVU*01	0.001	0.001	0.9	0.869696175017579
IGKV1-BUSZ*07	0.001	0.001	0.002	0.869696175017579
IGKV2-37MC*06	0.001	0.001	0.001	0.869696175017579
IGKV2-5J5B*09	0.001	0.001	0.002	0.869696175017579
IGKV1-42PC*10	0.001	0.001	0.008	0.869696175017579
IGKV1-BUSZ*03	0.001	0.001	0.9	0.869696175017579
IGKV2-37MC*01	0.001	0.001	0.003	0.869696175017579
IGKV2-5J5B*03	0.001	0.001	0.004	0.869696175017579
IGKV2-274M*08	0.001	0.001	0.001	0.869696175017579
IGKV9-D6XD*01/IGKV9-D6XD*02	0.001	0.001	0.9	0.869696175017579
IGKV3-6IHA*04	0.001	0.001	0.007	0.869696175017579
IGKV1-JN7U*01	0.001	0.001	0.001	0.869696175017579
IGKV3-6P57*06	0.001	0.001	0.9	0.869696175017579
IGKV1-2I6R*05	0.001	0.001	0.9	0.869696175017579
IGKV1-25EI*03	0.001	0.001	0.9	0.869696175017579
IGKV3-5LO6*07	0.001	0.001	0.9	0.869696175017579
IGKV2-5USY*03	0.001	0.001	0.008	0.869696175017579
IGKV1-42PC*05	0.001	0.001	0.01	0.869696175017579
IGKV3-F7UZ*02	0.001	0.001	0.9	0.869696175017579
IGKV1-2YRB*05	0.001	0.001	0.9	0.869696175017579
IGKV11-DMH6*02	0.001	0.001	0.9	0.869696175017579
IGKV1-2YRB*06	0.001	0.001	0.9	0.869696175017579
IGKV1-2UN4*16	0.001	0.001	0.008	0.869696175017579
IGKV2-54DC*05	0.001	0.001	0.01	0.869696175017579
IGKV3-6P57*08	0.001	0.001	0.01	0.869696175017579
IGKV3-5LO6*10	0.001	0.001	0.01	0.869696175017579
IGKV1-223S*09	0.001	0.001	0.9	0.869696175017579
IGKV3-3ZVT*04	0.001	0.001	0.9	0.869696175017579
IGKV3-7Y35*02	0.001	0.001	0.01	0.869696175017579
IGKV1-B6M4*07	0.001	0.001	0.9	0.869696175017579
IGKV3-6P57*01	0.001	0.001	0.9	0.869696175017579
IGKV3-O6IG*03	0.001	0.001	0.9	0.869696175017579
IGKV1-42PC*07	0.001	0.001	0.9	0.869696175017579
IGKV1-2CRK*03	0.001	0.001	0.9	0.869696175017579
IGKV1-223S*02	0.001			
IGKV1-223S*03	0.001			
IGKV1-223S*07	0.001			
IGKV1-223S*10	0.001			
IGKV1-223S*14	0.001			
IGKV1-223S*15	0.001			
IGKV1-223S*16	0.001			
IGKV1-223S*18	0.001			
IGKV1-223S*20	0.001			
IGKV1-223S*21	0.001			
IGKV1-25EI*01	0.001			
IGKV1-25EI*02	0.001			
IGKV1-25EI*10	0.001			
IGKV1-25EI*11	0.001			
IGKV1-25EI*12	0.001			
IGKV1-2CRK*01	0.001			
IGKV1-2CRK*05	0.001			
IGKV1-2CRK*08	0.001			
IGKV1-2CUF*03	0.001			
IGKV1-2I6R*03	0.001			
IGKV1-2I6R*04	0.001			
IGKV1-2NCM*01	0.001			
IGKV1-2NCM*02	0.001			
IGKV1-2NCM*03	0.001			
IGKV1-2NCM*04	0.001			
IGKV1-2NCM*06	0.001			
IGKV1-2NCM*07	0.001			
IGKV1-2NCM*11	0.001			
IGKV1-2UN4*03	0.001			
IGKV1-2UN4*04	0.001			
IGKV1-2UN4*06	0.001			
IGKV1-2UN4*12	0.001			
IGKV1-2YRB*01	0.001			
IGKV1-2YRB*03	0.001			
IGKV1-2YRB*08	0.001			
IGKV1-436A*02	0.001			
IGKV1-436A*06	0.001			
IGKV1-43MA*01	0.001			
IGKV1-43MA*04	0.001			
IGKV1-43MA*06	0.001			
IGKV1-43MA*07	0.001			
IGKV1-43MA*11	0.001			
IGKV1-4A5D*01	0.001			
IGKV1-4A5D*05	0.001			
IGKV1-4JS6*01	0.001			
IGKV1-4JS6*02	0.001			
IGKV1-4JS6*05	0.001			
IGKV1-4JS6*08	0.001			
IGKV1-4JS6*10	0.001			
IGKV1-4JS6*11	0.001			
IGKV1-4JS6*14	0.001			
IGKV1-4YW5*01	0.001			
IGKV1-4YW5*02	0.001			
IGKV1-4YW5*03	0.001			
IGKV1-4YW5*04	0.001			
IGKV1-536P*01	0.001			
IGKV1-536P*02	0.001			
IGKV1-536P*03	0.001			
IGKV1-536P*04	0.001			
IGKV1-5SWL*02	0.001			
IGKV1-5SWL*04	0.001			
IGKV1-5SWL*07	0.001			
IGKV1-5WKL*01	0.001			
IGKV1-675G*04	0.001			
IGKV1-675G*05	0.001			
IGKV1-675G*06	0.001			
IGKV1-6B4R*02	0.001			
IGKV1-6P2I*01	0.001			
IGKV1-6P2I*02	0.001			
IGKV1-7OW5*04	0.001			
IGKV1-A2D3*01	0.001			
IGKV1-A2D3*03	0.001			
IGKV1-A2D3*04	0.001			
IGKV1-A2D3*05	0.001			
IGKV1-ACRS*01	0.001			
IGKV1-ACRS*02	0.001			
IGKV1-ACRS*03	0.001			
IGKV1-ACRS*04	0.001			
IGKV1-ACWK*01	0.001			
IGKV1-AUQR*01	0.001			
IGKV1-B6M4*01	0.001			
IGKV1-B6M4*04	0.001			
IGKV1-B6M4*06	0.001			
IGKV1-BUSZ*01	0.001			
IGKV1-BUSZ*02	0.001			
IGKV1-C6ID*01	0.001			
IGKV1-CUKQ*01	0.001			
IGKV1-CUKQ*02	0.001			
IGKV1-CWVM*01	0.001			
IGKV1-DLWB*01	0.001			
IGKV1-EDF3*01	0.001			
IGKV1-EDF3*07	0.001			
IGKV1-ETVE*02	0.001			
IGKV1-FUJJ*01	0.001			
IGKV1-FV37*02	0.001			
IGKV1-FV37*03	0.001			
IGKV1-FV37*04	0.001			
IGKV1-FV37*05	0.001			
IGKV1-FV37*06	0.001			
IGKV1-FV37*07	0.001			
IGKV1-FV37*09	0.001			
IGKV1-LJ3W*01	0.001			
IGKV1-LJEY*01	0.001			
IGKV1-MIM3*01	0.001			
IGKV1-OD4Q*01	0.001			
IGKV1-OZSD*01	0.001			
IGKV1-S7KB*01	0.001			
IGKV1-VM5J*01	0.001			
IGKV1-WGWJ*01	0.001			
IGKV1-WPF6*01	0.001			
IGKV1-Z22Q*01	0.001			
IGKV1-ZIOR*01	0.001			
IGKV10-7UZD*01	0.001			
IGKV10-7UZD*02	0.001			
IGKV10-B432*01	0.001			
IGKV11-DMH6*01	0.001			
IGKV11-DMH6*03	0.001			
IGKV2-274M*02	0.001			
IGKV2-274M*05	0.001			
IGKV2-2GXT*03	0.001			
IGKV2-2GXT*06	0.001			
IGKV2-2IPP*05	0.001			
IGKV2-2PRM*06	0.001			
IGKV2-2PRM*07	0.001			
IGKV2-2PRM*09	0.001			
IGKV2-3EAT*04	0.001			
IGKV2-523J*04	0.001			
IGKV2-54DC*07	0.001			
IGKV2-54DC*08	0.001			
IGKV2-56CB*02	0.001			
IGKV2-5J5B*08	0.001			
IGKV2-5WB2*01	0.001			
IGKV2-5XBI*01	0.001			
IGKV2-BIYZ*04	0.001			
IGKV2-CGHM*01	0.001			
IGKV2-EVP3*01	0.001			
IGKV2-EVP3*02	0.001			
IGKV2-EVP3*03	0.001			
IGKV2-EVP3*04	0.001			
IGKV2-EVP3*05	0.001			
IGKV2-EVP3*06	0.001			
IGKV2-LF7B*01	0.001			
IGKV2-LFVG*01	0.001			
IGKV2-LFVG*02	0.001			
IGKV2-NEJN*01	0.001			
IGKV2-UIXK*01	0.001			
IGKV2-ZBTP*01	0.001			
IGKV3-2BOL*01	0.001			
IGKV3-2BOL*04	0.001			
IGKV3-2BOL*06	0.001			
IGKV3-2BOL*08	0.001			
IGKV3-2BOL*10	0.001			
IGKV3-2BOL*11	0.001			
IGKV3-2VHT*01	0.001			
IGKV3-3ZVT*02	0.001			
IGKV3-5LO6*02	0.001			
IGKV3-5LO6*06	0.001			
IGKV3-6BQA*03	0.001			
IGKV3-6IHA*01	0.001			
IGKV3-6IHA*05	0.001			
IGKV3-6P57*02	0.001			
IGKV3-6P57*03	0.001			
IGKV3-6QKZ*01	0.001			
IGKV3-AZTF*01	0.001			
IGKV3-AZTF*02	0.001			
IGKV3-AZTF*03	0.001			
IGKV3-AZTF*04	0.001			
IGKV3-O6IG*01	0.001			
IGKV3-UK4L*01	0.001			
IGKV4-GNWE*01	0.001			
IGKV6-6TCR*02	0.001			
IGKV9-ZWEU*01	0.001			
IGLJ2-4GA4*01	0.001	0.001	0.1	0.923396864573335
IGLJ2-4GA4*02	0.001	0.001	0.1	0.923396864573335
IGLJ2-4GA4*03	0.001	0.001	0.1	0.923396864573335
IGLJ2-LMZW*01	0.001	0.001	0.1	0.923396864573335
IGLJ7-3R4H*02	0.003	0.003	0.05	0.924905160199278
IGLJ7-3R4H*01	0.002	0.002	0.006	0.927853192559075
IGLJ7-JLWC*01	0.001	0.001	0.001	0.923396864573335
IGLJ9-PIRL*01	0.002	0.002	0.9	0.932652315005256
IGLJ7-JLWC*02	0.001			
IGLJ7-JLWC*03	0.001			
IGLJ8-U5VX*01	0.001			
IGLV1-24UP*05	0.001	0.001	0.001	0.895182411080376
IGLV1-42NW*02	0.001	0.001	0.006	0.895182411080376
IGLV1-42NW*07	0.001	0.001	0.001	0.895182411080376
IGLV1-5WTR*02	0.001	0.001	0.007	0.895182411080376
IGLV1-5WTR*04	0.001	0.001	0.001	0.895182411080376
IGLV1-ANT2*02	0.001	0.001	0.006	0.895182411080376
IGLV1-ANT2*06	0.003	0.003	0.9	0.896030437727816
IGLV1-HYAR*01	0.003	0.003	0.003	0.895272810876658
IGLV1-HYAR*03	0.001	0.001	0.008	0.895182411080376
IGLV1-OISC*01	0.002	0.002	0.005	0.895272810876658
IGLV10-2LPI*01	0.001	0.001	0.002	0.895182411080376
IGLV11-3CKT*01/IGLV11-3CKT*02	0.001	0.001	0.01	0.895182411080376
IGLV12-3L7Q*01	0.001	0.001	0.003	0.895182411080376
IGLV12-BDQY*01	0.001	0.001	0.9	0.895182411080376
IGLV12-BDQY*04	0.002	0.002	0.9	0.895308102382538
IGLV12-BDQY*05	0.001	0.001	0.007	0.895182411080376
IGLV12-LWMG*01	0.001	0.001	0.009	0.895182411080376
IGLV13-25ZB*03	0.001	0.001	0.001	0.895182411080376
IGLV13-3ETT*02/IGLV13-3ETT*35	0.001	0.001	0.004	0.895182411080376
IGLV13-3ETT*06/IGLV13-3ETT*15/IGLV13-3ETT*34	0.001	0.001	0.01	0.895182411080376
IGLV13-3ETT*08	0.001	0.001	0.001	0.895182411080376
IGLV13-3ETT*12	0.001	0.001	0.007	0.895182411080376
IGLV13-3ETT*14/IGLV13-3ETT*16/IGLV13-3ETT*17	0.001	0.001	0.008	0.895182411080376
IGLV13-3ETT*21	0.001	0.001	0.01	0.895182411080376
IGLV13-3ETT*23	0.001	0.001	0.006	0.895182411080376
IGLV13-3ETT*28	0.001	0.001	0.005	0.895182411080376
IGLV13-3ETT*33	0.001	0.001	0.009	0.895182411080376
IGLV15-BCMZ*02/IGLV15-BCMZ*03/IGLV15-BCMZ*04	0.001	0.001	0.01	0.895182411080376
IGLV15-BCMZ*07	0.001	0.001	0.02	0.895182411080376
IGLV15-UE3U*01	0.001	0.001	0.001	0.895182411080376
IGLV16-2E6M*04	0.001	0.001	0.001	0.895182411080376
IGLV17-2DBU*04	0.001	0.001	0.01	0.895182411080376
IGLV17-2EQO*02	0.001	0.001	0.01	0.895182411080376
IGLV17-2EQO*09	0.002	0.002	0.01	0.895655938613796
IGLV17-2EQO*10	0.001	0.001	0.01	0.895182411080376
IGLV17-6TQL*08	0.001	0.001	0.01	0.895182411080376
IGLV17-6TQL*09	0.001	0.001	0.009	0.895182411080376
IGLV18-63QE*03/IGLV18-63QE*05	0.001	0.001	0.008	0.895182411080376
IGLV18-A6K6*03	0.001	0.001	0.003	0.895182411080376
IGLV2-3NOK*06	0.001	0.001	0.01	0.895182411080376
IGLV2-4DY7*02	0.001	0.001	0.002	0.895182411080376
IGLV2-4HKX*02	0.001	0.001	0.002	0.895182411080376
IGLV2-4HKX*03	0.001	0.001	0.001	0.895182411080376
IGLV2-66YQ*03	0.007	0.007	0.9	0.898499868496377
IGLV2-66YQ*07/IGLV2-66YQ*09	0.001	0.001	0.01	0.895182411080376
IGLV2-66YQ*12	0.001	0.001	0.01	0.895182411080376
IGLV2-OLTR*01	0.001	0.001	0.01	0.895182411080376
IGLV20-ETZW*01	0.001	0.001	0.001	0.895182411080376
IGLV21-KXCY*01	0.001	0.001	0.001	0.895182411080376
IGLV22-ACMF*01	0.001	0.001	0.001	0.895182411080376
IGLV24-PJEQ*01	0.001	0.001	0.002	0.895182411080376
IGLV3-2EX4*06/IGLV3-2EX4*13	0.001	0.001	0.001	0.895182411080376
IGLV3-2EX4*08	0.001	0.001	0.001	0.895182411080376
IGLV3-2EX4*10	0.001	0.001	0.003	0.895182411080376
IGLV3-2EX4*12/IGLV3-2EX4*18/IGLV3-2EX4*27	0.001	0.001	0.001	0.895182411080376
IGLV3-34KT*01	0.001	0.001	0.004	0.895182411080376
IGLV3-BR3M*06/IGLV3-BR3M*08	0.001	0.001	0.004	0.895182411080376
IGLV4-DMJJ*02/IGLV4-DMJJ*03	0.001	0.001	0.006	0.895182411080376
IGLV5-276Q*04	0.001	0.001	0.01	0.895182411080376
IGLV5-3RO5*04	0.001	0.001	0.001	0.895182411080376
IGLV5-AZDI*04	0.001	0.001	0.008	0.895182411080376
IGLV5-BNOK*01	0.001	0.001	0.001	0.895182411080376
IGLV5-K637*01	0.001	0.001	0.001	0.895182411080376
IGLV5-Q4PR*01	0.002	0.002	0.9	0.895388947463383
IGLV6-26PD*03	0.001	0.001	0.006	0.895182411080376
IGLV6-26PD*05	0.005	0.005	0.009	0.895379390018932
IGLV6-26PD*08/IGLV6-26PD*10	0.001	0.001	0.002	0.895182411080376
IGLV6-26PD*11	0.001	0.001	0.006	0.895182411080376
IGLV6-7SYV*06	0.001	0.001	0.001	0.895182411080376
IGLV7-4FHJ*03	0.001	0.001	0.007	0.895182411080376
IGLV7-4FHJ*04	0.001	0.001	0.001	0.895182411080376
IGLV7-63DH*01	0.001	0.001	0.009	0.895182411080376
IGLV7-SWRX*01	0.001	0.001	0.007	0.895182411080376
IGLV8-5YTT*04	0.003	0.003	0.01	0.895390744586141
IGLV8-ASEJ*01	0.001	0.001	0.01	0.895182411080376
IGLV9-DGNA*01	0.001	0.001	0.003	0.895182411080376
IGLV1-42NW*03	0.002	0.002	0.01	0.895252824163127
IGLV17-2EQO*08	0.001	0.001	0.01	0.895182411080376
IGLV18-SRE7*01/IGLV18-SRE7*02	0.001	0.001	0.001	0.895182411080376
IGLV2-4DY7*04	0.002	0.002	0.003	0.895272810876658
IGLV2-66YQ*06	0.002	0.002	0.007	0.895261351747552
IGLV21-6YH6*01	0.002	0.002	0.002	0.895272810876658
IGLV22-ACMF*02	0.001	0.001	0.001	0.895182411080376
IGLV24-PJEQ*02	0.001	0.001	0.001	0.895182411080376
IGLV4-DMJJ*04	0.001	0.001	0.01	0.895182411080376
IGLV6-7SYV*04	0.001	0.001	0.006	0.895182411080376
IGLV8-5YTT*05	0.001	0.001	0.01	0.895182411080376
IGLV1-5WTR*01	0.001	0.001	0.007	0.895182411080376
IGLV12-2SBP*01/IGLV12-2SBP*03	0.001	0.001	0.008	0.895182411080376
IGLV12-RLSR*01	0.001	0.001	0.009	0.895182411080376
IGLV13-3ETT*13	0.001	0.001	0.007	0.895182411080376
IGLV13-3ETT*27	0.001	0.001	0.9	0.895182411080376
IGLV17-6TQL*01	0.003	0.003	0.9	0.896155272994982
IGLV17-6TQL*03	0.002	0.002	0.01	0.8953093683381
IGLV17-6TQL*04/IGLV17-6TQL*10	0.001	0.001	0.01	0.895182411080376
IGLV2-3NOK*04	0.002	0.002	0.01	0.8953093683381
IGLV2-JOO7*01	0.001	0.001	0.001	0.895182411080376
IGLV2-JOO7*03	0.001	0.001	0.01	0.895182411080376
IGLV22-II36*01	0.007	0.007	0.007	0.895217615520538
IGLV23-4D5L*01	0.002	0.002	0.002	0.895261351747552
IGLV3-2EX4*01	0.001	0.001	0.001	0.895182411080376
IGLV3-2EX4*02	0.001	0.001	0.002	0.895182411080376
IGLV3-2EX4*05/IGLV3-2EX4*07	0.001	0.001	0.001	0.895182411080376
IGLV3-2EX4*14/IGLV3-2EX4*22	0.001	0.001	0.003	0.895182411080376
IGLV3-2EX4*17	0.001	0.001	0.001	0.895182411080376
IGLV5-3RO5*03	0.001	0.001	0.9	0.895182411080376
IGLV5-AZDI*02	0.002	0.002	0.01	0.8953093683381
IGLV5-BNOK*02	0.001	0.001	0.001	0.895182411080376
IGLV6-26PD*02	0.006	0.006	0.006	0.895261351747552
IGLV7-BWVJ*01	0.001	0.001	0.005	0.895182411080376
IGLV8-5YTT*02	0.001	0.001	0.02	0.895182411080376
IGLV8-ASEJ*02	0.001	0.001	0.003	0.895182411080376
IGLV9-NPLJ*01	0.001	0.001	0.004	0.895182411080376
IGLV1-42NW*05	0.001	0.001	0.01	0.895182411080376
IGLV1-ANT2*03/IGLV1-ANT2*04	0.001	0.001	0.01	0.895182411080376
IGLV17-2EQO*06/IGLV17-2EQO*07	0.001	0.001	0.002	0.895182411080376
IGLV17-7C53*01	0.001	0.001	0.002	0.895182411080376
IGLV18-A6K6*04	0.001	0.001	0.006	0.895182411080376
IGLV18-FO3T*01	0.001	0.001	0.004	0.895182411080376
IGLV18-I6IM*01/IGLV18-I6IM*02	0.001	0.001	0.01	0.895182411080376
IGLV2-3NOK*07	0.002	0.002	0.9	0.89580213849755
IGLV3-BR3M*03	0.005	0.005	0.009	0.895272810876658
IGLV5-276Q*03	0.001	0.001	0.01	0.895182411080376
IGLV5-3RO5*01	0.001	0.001	0.004	0.895182411080376
IGLV5-5FUK*02	0.001	0.001	0.001	0.895182411080376
IGLV7-22ZI*02	0.001	0.001	0.01	0.895182411080376
IGLV7-4FHJ*02	0.002	0.002	0.002	0.8953093683381
IGLV7-4FHJ*06	0.002	0.002	0.9	0.895313088549714
IGLV7-NDLJ*01	0.001	0.001	0.001	0.895182411080376
IGLV8-5YTT*01	0.001	0.001	0.007	0.895182411080376
IGLV13-3ETT*19	0.001	0.001	0.9	0.895182411080376
IGLV13-3ETT*29	0.001	0.001	0.01	0.895182411080376
IGLV13-3ETT*32	0.001	0.001	0.005	0.895182411080376
IGLV17-6TQL*07	0.002	0.002	0.9	0.895536196369098
IGLV18-A6K6*02	0.001	0.001	0.009	0.895182411080376
IGLV18-FO3T*06	0.001	0.001	0.005	0.895182411080376
IGLV2-66YQ*13	0.001	0.001	0.02	0.895182411080376
IGLV23-4D5L*02	0.001	0.001	0.001	0.895182411080376
IGLV3-BR3M*04	0.001	0.001	0.01	0.895182411080376
IGLV6-7SYV*03/IGLV6-7SYV*05	0.001	0.001	0.006	0.895182411080376
IGLV1-24UP*02	0.001	0.001	0.006	0.895182411080376
IGLV1-42NW*04	0.001	0.001	0.008	0.895182411080376
IGLV1-ANT2*01	0.001	0.001	0.01	0.895182411080376
IGLV1-HYAR*02	0.001	0.001	0.009	0.895182411080376
IGLV12-CWPJ*02	0.001	0.001	0.001	0.895182411080376
IGLV13-3ETT*24	0.001	0.001	0.005	0.895182411080376
IGLV13-3ETT*30	0.001	0.001	0.006	0.895182411080376
IGLV18-FO3T*04	0.008	0.008	0.9	0.895493237770872
IGLV18-I6IM*03	0.001	0.001	0.01	0.895182411080376
IGLV18-N5HP*03	0.001	0.001	0.004	0.895182411080376
IGLV2-66YQ*11	0.002	0.002	0.02	0.895393524544909
IGLV23-CGIK*01	0.001	0.001	0.001	0.895182411080376
IGLV3-BR3M*05	0.001	0.001	0.9	0.895182411080376
IGLV5-276Q*02	0.001	0.001	0.01	0.895182411080376
IGLV5-5FUK*01	0.001	0.001	0.001	0.895182411080376
IGLV7-4FHJ*05	0.001	0.001	0.001	0.895182411080376
IGLV7-M5JX*01	0.001	0.001	0.001	0.895182411080376
IGLV13-3ETT*10	0.001	0.001	0.01	0.895182411080376
IGLV17-2DBU*01	0.001	0.001	0.01	0.895182411080376
IGLV17-6TQL*02	0.001	0.001	0.01	0.895182411080376
IGLV2-66YQ*02	0.003	0.003	0.9	0.896043395985895
IGLV23-4D5L*03	0.001	0.001	0.003	0.895182411080376
IGLV3-2EX4*21	0.001	0.001	0.001	0.895182411080376
IGLV3-2EX4*23	0.001	0.001	0.003	0.895182411080376
IGLV7-22ZI*04	0.001	0.001	0.01	0.895182411080376
IGLV8-5YTT*07	0.002	0.002	0.9	0.895311803918965
IGLV1-24UP*06	0.001	0.001	0.001	0.895182411080376
IGLV4-DMJJ*01	0.001	0.001	0.01	0.895182411080376
IGLV6-26PD*09	0.005	0.005	0.008	0.895272810876658
IGLV13-3ETT*20	0.001	0.001	0.9	0.895182411080376
IGLV17-2EQO*03	0.002	0.002	0.9	0.895261351747552
IGLV2-3NOK*02	0.001	0.001	0.9	0.895182411080376
IGLV14-WNKU*02	0.001	0.001	0.9	0.895182411080376
IGLV7-22ZI*01	0.001	0.001	0.01	0.895182411080376
IGLV19-GNF7*01	0.001	0.001	0.001	0.895182411080376
IGLV1-ANT2*05	0.001	0.001	0.9	0.895182411080376
IGLV13-3ETT*04/IGLV13-3ETT*25	0.001	0.001	0.007	0.895182411080376
IGLV17-2DBU*02	0.001	0.001	0.9	0.895182411080376
IGLV5-276Q*05	0.001	0.001	0.9	0.895182411080376
IGLV16-AV4P*02	0.001	0.001	0.007	0.895182411080376
IGLV3-BR3M*02	0.001	0.001	0.007	0.895182411080376
IGLV1-5WTR*03	0.002	0.002	0.9	0.895322099501677
IGLV18-A6K6*01	0.001	0.001	0.009	0.895182411080376
IGLV21-6YH6*03	0.001	0.001	0.003	0.895182411080376
IGLV23-4D5L*04	0.001	0.001	0.001	0.895182411080376
IGLV4-HI2D*01	0.001	0.001	0.01	0.895182411080376
IGLV13-3ETT*31	0.001	0.001	0.02	0.895182411080376
IGLV16-2E6M*01	0.001	0.001	0.9	0.895182411080376
IGLV18-FO3T*02	0.001	0.001	0.007	0.895182411080376
IGLV2-66YQ*01	0.001	0.001	0.01	0.895182411080376
IGLV3-2EX4*11/IGLV3-2EX4*15	0.001	0.001	0.004	0.895182411080376
IGLV17-2DBU*03	0.001	0.001	0.01	0.895182411080376
IGLV12-CWPJ*04	0.001	0.001	0.002	0.895182411080376
IGLV13-3ETT*01	0.001	0.001	0.01	0.895182411080376
IGLV13-3ETT*22	0.001	0.001	0.006	0.895182411080376
IGLV2-JOO7*02	0.001	0.001	0.01	0.895182411080376
IGLV3-2EX4*25	0.001	0.001	0.001	0.895182411080376
IGLV16-2E6M*03	0.001	0.001	0.9	0.895182411080376
IGLV2-4DY7*01	0.001	0.001	0.9	0.895182411080376
IGLV20-R2TL*01	0.001	0.001	0.9	0.895182411080376
IGLV21-6YH6*02	0.001	0.001	0.003	0.895182411080376
IGLV1-24UP*01	0.001	0.001	0.004	0.895182411080376
IGLV13-25ZB*02	0.001	0.001	0.002	0.895182411080376
IGLV15-BCMZ*05	0.001	0.001	0.01	0.895182411080376
IGLV17-2EQO*04	0.02	0.02	0.04	0.895248897526336
IGLV3-BR3M*07	0.001	0.001	0.006	0.895182411080376
IGLV13-25ZB*01	0.001	0.001	0.001	0.895182411080376
IGLV17-6TQL*05	0.001	0.001	0.9	0.895182411080376
IGLV12-BDQY*03	0.001	0.001	0.9	0.895182411080376
IGLV17-6TQL*06	0.001	0.001	0.9	0.895182411080376
IGLV18-N5HP*01	0.001	0.001	0.001	0.895182411080376
IGLV2-66YQ*05	0.001	0.001	0.02	0.895182411080376
IGLV3-BR3M*01	0.001	0.001	0.008	0.895182411080376
IGLV1-24UP*03	0.001	0.001	0.008	0.895182411080376
IGLV17-2DBU*06	0.001	0.001	0.01	0.895182411080376
IGLV6-26PD*06	0.001	0.001	0.01	0.895182411080376
IGLV6-7SYV*01	0.001	0.001	0.01	0.895182411080376
IGLV7-4FHJ*01	0.001	0.001	0.01	0.895182411080376
IGLV7-ZQKQ*01	0.001	0.001	0.005	0.895182411080376
IGLV12-BDQY*02	0.001	0.001	0.9	0.895182411080376
IGLV3-2EX4*09	0.001	0.001	0.9	0.895182411080376
IGLV6-26PD*04	0.001	0.001	0.9	0.895182411080376
IGLV1-SCAH*01	0.001	0.001	0.9	0.895182411080376
IGLV26-D2KF*01	0.001	0.001	0.9	0.895182411080376
IGLV7-22ZI*03	0.001	0.001	0.9	0.895182411080376
IGLV1-24UP*04	0.001			
IGLV1-24UP*07	0.001			
IGLV1-42NW*01	0.001			
IGLV1-42NW*06	0.001			
IGLV1-42NW*08	0.001			
IGLV1-42NW*09	0.001			
IGLV1-5WTR*05	0.001			
IGLV1-OISC*02	0.001			
IGLV10-2LPI*02	0.001			
IGLV12-2SBP*02	0.001			
IGLV12-CWPJ*01	0.001			
IGLV12-CWPJ*03	0.001			
IGLV13-3ETT*03	0.001			
IGLV13-3ETT*05	0.001			
IGLV13-3ETT*07	0.001			
IGLV13-3ETT*09	0.001			
IGLV13-3ETT*11	0.001			
IGLV13-3ETT*18	0.001			
IGLV13-3ETT*26	0.001			
IGLV13-3ETT*36	0.001			
IGLV13-3ETT*37	0.001			
IGLV14-WNKU*01	0.001			
IGLV15-BCMZ*01	0.001			
IGLV15-BCMZ*06	0.001			
IGLV15-UE3U*02	0.001			
IGLV16-2E6M*02	0.001			
IGLV16-AV4P*01	0.001			
IGLV17-2DBU*05	0.001			
IGLV17-2EQO*01/IGLV17-2EQO*05	0.001			
IGLV17-FZVN*01	0.001			
IGLV18-63QE*01	0.001			
IGLV18-63QE*02	0.001			
IGLV18-63QE*04	0.001			
IGLV18-63QE*06	0.001			
IGLV18-63QE*07	0.001			
IGLV18-FO3T*03	0.001			
IGLV18-FO3T*05	0.001			
IGLV18-N5HP*02	0.001			
IGLV19-53EQ*01	0.001			
IGLV19-GNF7*02	0.001			
IGLV2-3NOK*01	0.001			
IGLV2-3NOK*03	0.001			
IGLV2-3NOK*05	0.001			
IGLV2-4DY7*03	0.001			
IGLV2-4HKX*01	0.001			
IGLV2-66YQ*04	0.001			
IGLV2-66YQ*08	0.001			
IGLV2-66YQ*10	0.001			
IGLV2-66YQ*14	0.001			
IGLV2-66YQ*15	0.001			
IGLV2-66YQ*16	0.001			
IGLV2-I6W6*01	0.001			
IGLV2-JOO7*04	0.001			
IGLV2-JOO7*05	0.001			
IGLV2-NNKN*01	0.001			
IGLV21-NBMT*01	0.001			
IGLV25-5QRY*01	0.001			
IGLV25-5QRY*02	0.001			
IGLV26-JFFW*01	0.001			
IGLV27-CPNX*01	0.001			
IGLV3-2EX4*03	0.001			
IGLV3-2EX4*04	0.001			
IGLV3-2EX4*16	0.001			
IGLV3-2EX4*19	0.001			
IGLV3-2EX4*20	0.001			
IGLV3-2EX4*24	0.001			
IGLV3-2EX4*26	0.001			
IGLV3-34KT*02	0.001			
IGLV3-34KT*03	0.001			
IGLV3-34KT*04	0.001			
IGLV3-GLHT*01	0.001			
IGLV4-HI2D*02	0.001			
IGLV4-HI2D*03	0.001			
IGLV5-276Q*01	0.001			
IGLV5-276Q*06	0.001			
IGLV5-3RO5*02	0.001			
IGLV5-3RO5*05	0.001			
IGLV5-AZDI*01	0.001			
IGLV5-AZDI*03	0.001			
IGLV5-K637*02	0.001			
IGLV6-26PD*01	0.001			
IGLV6-26PD*07	0.001			
IGLV6-7SYV*02	0.001			
IGLV6-JFHG*01/IGLV6-JFHG*02	0.001			
IGLV7-BWVJ*02	0.001			
IGLV8-5YTT*03	0.001			
IGLV8-5YTT*06	0.001			
IGLV8-5YTT*08	0.001			
